as_of_date,public_date,trade_date,sector,industry,holding_count,mapped_holding_count,total_market_value_usd,portfolio_weight_after
2018-12-31,2019-02-13,2019-02-14,CONSUMER CYCLICAL,AUTO MANUFACTURERS,1,1,2754612000.000000,1.00000000
2019-03-31,2019-05-13,2019-05-14,CONSUMER CYCLICAL,AUTO MANUFACTURERS,1,1,2316424000.000000,1.00000000
2019-06-30,2019-08-06,2019-08-07,CONSUMER CYCLICAL,AUTO MANUFACTURERS,1,1,1849596000.000000,0.35379059
2019-06-30,2019-08-06,2019-08-07,TECHNOLOGY,SOFTWARE - APPLICATION,1,1,3378344000.000000,0.64620941
2019-09-30,2019-10-21,2019-10-22,CONSUMER CYCLICAL,AUTO MANUFACTURERS,1,1,1993700000.000000,0.47320877
2019-09-30,2019-10-21,2019-10-22,TECHNOLOGY,SOFTWARE - APPLICATION,1,1,2219451000.000000,0.52679123
2019-12-31,2020-02-04,2020-02-05,CONSUMER CYCLICAL,AUTO MANUFACTURERS,1,1,16378000.000000,0.00750370
2019-12-31,2020-02-04,2020-02-05,TECHNOLOGY,SOFTWARE - APPLICATION,1,1,2166278000.000000,0.99249630
2020-03-31,2020-05-15,2020-05-18,COMMUNICATION SERVICES,ENTERTAINMENT,2,2,911921000.000000,0.09327017
2020-03-31,2020-05-15,2020-05-18,COMMUNICATION SERVICES,INTERNET CONTENT & INFORMATION,1,1,521859000.000000,0.05337510
2020-03-31,2020-05-15,2020-05-18,CONSUMER CYCLICAL,LODGING,1,1,513931000.000000,0.05256424
2020-03-31,2020-05-15,2020-05-18,CONSUMER CYCLICAL,RESTAURANTS,1,1,77573000.000000,0.00793407
2020-03-31,2020-05-15,2020-05-18,CONSUMER CYCLICAL,TRAVEL SERVICES,2,2,534885000.000000,0.05470739
2020-03-31,2020-05-15,2020-05-18,ENERGY,OIL & GAS E&P,1,1,408129000.000000,0.04174294
2020-03-31,2020-05-15,2020-05-18,ENERGY,OIL & GAS INTEGRATED,4,4,2014802000.000000,0.20607149
2020-03-31,2020-05-15,2020-05-18,FINANCIAL SERVICES,BANKS - DIVERSIFIED,2,2,1009548000.000000,0.10325534
2020-03-31,2020-05-15,2020-05-18,FINANCIAL SERVICES,INSURANCE - DIVERSIFIED,1,1,78434000.000000,0.00802213
2020-03-31,2020-05-15,2020-05-18,HEALTHCARE,DRUG MANUFACTURERS - GENERAL,1,1,78524000.000000,0.00803134
2020-03-31,2020-05-15,2020-05-18,INDUSTRIALS,AEROSPACE & DEFENSE,1,1,713677000.000000,0.07299401
2020-03-31,2020-05-15,2020-05-18,INDUSTRIALS,RAILROADS,1,1,78841000.000000,0.00806376
2020-03-31,2020-05-15,2020-05-18,TECHNOLOGY,COMMUNICATION EQUIPMENT,1,1,490881000.000000,0.05020671
2020-03-31,2020-05-15,2020-05-18,TECHNOLOGY,INFORMATION TECHNOLOGY SERVICES,1,1,77651000.000000,0.00794205
2020-03-31,2020-05-15,2020-05-18,TECHNOLOGY,SEMICONDUCTORS,2,2,154381000.000000,0.01578990
2020-03-31,2020-05-15,2020-05-18,TECHNOLOGY,SOFTWARE - APPLICATION,2,2,2112162000.000000,0.21602936
2020-06-30,2020-08-14,2020-08-17,COMMUNICATION SERVICES,ENTERTAINMENT,1,1,557014000.000000,0.05502004
2020-06-30,2020-08-14,2020-08-17,CONSUMER CYCLICAL,TRAVEL SERVICES,2,2,868922000.000000,0.08582930
2020-06-30,2020-08-14,2020-08-17,ENERGY,OIL & GAS E&P,1,1,298652000.000000,0.02949988
2020-06-30,2020-08-14,2020-08-17,ENERGY,OIL & GAS INTEGRATED,1,1,859444000.000000,0.08489309
2020-06-30,2020-08-14,2020-08-17,FINANCIAL SERVICES,INSURANCE - DIVERSIFIED,1,1,39054000.000000,0.00385763
2020-06-30,2020-08-14,2020-08-17,INDUSTRIALS,RAILROADS,1,1,91843000.000000,0.00907195
2020-06-30,2020-08-14,2020-08-17,REAL ESTATE,SECTOR ETF - REAL ESTATE,2,2,2792213000.000000,0.27580575
2020-06-30,2020-08-14,2020-08-17,TECHNOLOGY,COMMUNICATION EQUIPMENT,1,1,270754000.000000,0.02674420
2020-06-30,2020-08-14,2020-08-17,TECHNOLOGY,SOFTWARE - APPLICATION,2,2,2484515000.000000,0.24541234
2020-06-30,2020-08-14,2020-08-17,UTILITIES,SECTOR ETF - UTILITIES,1,1,1861428000.000000,0.18386582
2020-09-30,2020-11-16,2020-11-17,BASIC MATERIALS,GOLD,1,1,154577000.000000,0.02192802
2020-09-30,2020-11-16,2020-11-17,COMMUNICATION SERVICES,ENTERTAINMENT,1,1,677011000.000000,0.09603957
2020-09-30,2020-11-16,2020-11-17,CONSUMER CYCLICAL,TRAVEL SERVICES,1,1,771613000.000000,0.10945965
2020-09-30,2020-11-16,2020-11-17,ENERGY,OIL & GAS INTEGRATED,1,1,623428000.000000,0.08843839
2020-09-30,2020-11-16,2020-11-17,TECHNOLOGY,SOFTWARE - APPLICATION,2,2,2863924000.000000,0.40627115
2020-09-30,2020-11-16,2020-11-17,UTILITIES,SECTOR ETF - UTILITIES,1,1,1958739000.000000,0.27786322
2021-03-31,2021-05-17,2021-05-18,BASIC MATERIALS,GOLD,1,1,141366000.000000,0.00915160
2021-03-31,2021-05-17,2021-05-18,COMMUNICATION SERVICES,ELECTRONIC GAMING & MULTIMEDIA,3,3,6029687000.000000,0.39034336
2021-03-31,2021-05-17,2021-05-18,COMMUNICATION SERVICES,ENTERTAINMENT,1,1,1063641000.000000,0.06885684
2021-03-31,2021-05-17,2021-05-18,CONSUMER CYCLICAL,INTERNET RETAIL,1,1,141000000.000000,0.00912791
2021-03-31,2021-05-17,2021-05-18,CONSUMER CYCLICAL,TRAVEL SERVICES,1,1,1349053000.000000,0.08733354
2021-03-31,2021-05-17,2021-05-18,FINANCIAL SERVICES,SHELL COMPANIES,1,1,75675000.000000,0.00489897
2021-03-31,2021-05-17,2021-05-18,HEALTHCARE,HEALTHCARE PLANS,1,1,284438000.000000,0.01841364
2021-03-31,2021-05-17,2021-05-18,TECHNOLOGY,SOFTWARE - APPLICATION,2,2,4249820000.000000,0.27512026
2021-03-31,2021-05-17,2021-05-18,UTILITIES,SECTOR ETF - UTILITIES,1,1,2112456000.000000,0.13675389
2021-06-30,2021-08-16,2021-08-17,BASIC MATERIALS,GOLD,1,1,129263000.000000,0.00811029
2021-06-30,2021-08-16,2021-08-17,COMMUNICATION SERVICES,ELECTRONIC GAMING & MULTIMEDIA,3,3,6656530000.000000,0.41764780
2021-06-30,2021-08-16,2021-08-17,COMMUNICATION SERVICES,ENTERTAINMENT,1,1,1100583000.000000,0.06905341
2021-06-30,2021-08-16,2021-08-17,CONSUMER CYCLICAL,INTERNET RETAIL,1,1,119486000.000000,0.00749686
2021-06-30,2021-08-16,2021-08-17,CONSUMER CYCLICAL,TRAVEL SERVICES,1,1,1339903000.000000,0.08406896
2021-06-30,2021-08-16,2021-08-17,FINANCIAL SERVICES,SHELL COMPANIES,1,1,73650000.000000,0.00462099
2021-06-30,2021-08-16,2021-08-17,HEALTHCARE,HEALTHCARE PLANS,1,1,487900000.000000,0.03061210
2021-06-30,2021-08-16,2021-08-17,TECHNOLOGY,SOFTWARE - APPLICATION,2,2,3945090000.000000,0.24752509
2021-06-30,2021-08-16,2021-08-17,UTILITIES,SECTOR ETF - UTILITIES,1,1,2085737000.000000,0.13086450
2021-09-30,2022-10-11,2022-10-12,BASIC MATERIALS,SPECIALTY CHEMICALS,1,1,354519000.000000,1.00000000
2021-12-31,2022-10-11,2022-10-12,BASIC MATERIALS,SPECIALTY CHEMICALS,1,1,418625000.000000,1.00000000
2022-03-31,2022-12-22,2022-12-23,BASIC MATERIALS,GOLD,1,1,124744000.000000,0.00284328
2022-03-31,2022-12-22,2022-12-23,BASIC MATERIALS,PACKAGING & CONTAINERS,1,1,147641000.000000,0.00336517
2022-03-31,2022-12-22,2022-12-23,BASIC MATERIALS,SPECIALTY CHEMICALS,2,2,567768000.000000,0.01294111
2022-03-31,2022-12-22,2022-12-23,COMMUNICATION SERVICES,ELECTRONIC GAMING & MULTIMEDIA,3,3,6586366000.000000,0.15012275
2022-03-31,2022-12-22,2022-12-23,COMMUNICATION SERVICES,ENTERTAINMENT,1,1,1478166000.000000,0.03369177
2022-03-31,2022-12-22,2022-12-23,COMMUNICATION SERVICES,INTERNET CONTENT & INFORMATION,2,2,192818000.000000,0.00439489
2022-03-31,2022-12-22,2022-12-23,CONSUMER CYCLICAL,AUTO MANUFACTURERS,1,1,25787414000.000000,0.58777139
2022-03-31,2022-12-22,2022-12-23,CONSUMER CYCLICAL,INTERNET RETAIL,7,7,343735000.000000,0.00783474
2022-03-31,2022-12-22,2022-12-23,CONSUMER CYCLICAL,TRAVEL SERVICES,1,1,1027801000.000000,0.02342662
2022-03-31,2022-12-22,2022-12-23,CONSUMER DEFENSIVE,DISCOUNT STORES,1,1,117682000.000000,0.00268232
2022-03-31,2022-12-22,2022-12-23,FINANCIAL SERVICES,CREDIT SERVICES,2,2,422209000.000000,0.00962339
2022-03-31,2022-12-22,2022-12-23,FINANCIAL SERVICES,SHELL COMPANIES,1,1,74250000.000000,0.00169238
2022-03-31,2022-12-22,2022-12-23,HEALTHCARE,BIOTECHNOLOGY,1,1,59915000.000000,0.00136564
2022-03-31,2022-12-22,2022-12-23,HEALTHCARE,HEALTH INFORMATION SERVICES,1,1,137748000.000000,0.00313968
2022-03-31,2022-12-22,2022-12-23,HEALTHCARE,HEALTHCARE PLANS,1,1,239850000.000000,0.00546689
2022-03-31,2022-12-22,2022-12-23,INDUSTRIALS,ELECTRICAL EQUIPMENT & PARTS,2,2,275268000.000000,0.00627417
2022-03-31,2022-12-22,2022-12-23,INDUSTRIALS,INTEGRATED FREIGHT & LOGISTICS,1,1,260875000.000000,0.00594611
2022-03-31,2022-12-22,2022-12-23,INDUSTRIALS,SPECIALTY INDUSTRIAL MACHINERY,2,2,420594000.000000,0.00958658
2022-03-31,2022-12-22,2022-12-23,REAL ESTATE,REIT - INDUSTRIAL,1,1,131562000.000000,0.00299869
2022-03-31,2022-12-22,2022-12-23,TECHNOLOGY,SOFTWARE - APPLICATION,3,3,3020623000.000000,0.06884893
2022-03-31,2022-12-22,2022-12-23,UTILITIES,SECTOR ETF - UTILITIES,1,1,2456175000.000000,0.05598349
2022-06-30,2022-12-22,2022-12-23,BASIC MATERIALS,COPPER,1,1,377321000.000000,0.00917682
2022-06-30,2022-12-22,2022-12-23,BASIC MATERIALS,GOLD,1,1,77622000.000000,0.00188784
2022-06-30,2022-12-22,2022-12-23,BASIC MATERIALS,PACKAGING & CONTAINERS,1,1,137372000.000000,0.00334102
2022-06-30,2022-12-22,2022-12-23,BASIC MATERIALS,SPECIALTY CHEMICALS,2,2,993218000.000000,0.02415604
2022-06-30,2022-12-22,2022-12-23,COMMUNICATION SERVICES,ELECTRONIC GAMING & MULTIMEDIA,3,3,6295040000.000000,0.15310157
2022-06-30,2022-12-22,2022-12-23,COMMUNICATION SERVICES,ENTERTAINMENT,1,1,1037631000.000000,0.02523621
2022-06-30,2022-12-22,2022-12-23,COMMUNICATION SERVICES,INTERNET CONTENT & INFORMATION,3,3,1011961000.000000,0.02461189
2022-06-30,2022-12-22,2022-12-23,CONSUMER CYCLICAL,AUTO MANUFACTURERS,1,1,17421733000.000000,0.42371369
2022-06-30,2022-12-22,2022-12-23,CONSUMER CYCLICAL,HOME IMPROVEMENT RETAIL,1,1,450346000.000000,0.01095286
2022-06-30,2022-12-22,2022-12-23,CONSUMER CYCLICAL,INTERNET RETAIL,7,7,753563000.000000,0.01832739
2022-06-30,2022-12-22,2022-12-23,CONSUMER CYCLICAL,RESTAURANTS,1,1,482273000.000000,0.01172935
2022-06-30,2022-12-22,2022-12-23,CONSUMER CYCLICAL,TRAVEL SERVICES,2,2,813059000.000000,0.01977440
2022-06-30,2022-12-22,2022-12-23,CONSUMER DEFENSIVE,DISCOUNT STORES,2,2,592887000.000000,0.01441960
2022-06-30,2022-12-22,2022-12-23,FINANCIAL SERVICES,ASSET MANAGEMENT,1,1,451721000.000000,0.01098630
2022-06-30,2022-12-22,2022-12-23,FINANCIAL SERVICES,BANKS - DIVERSIFIED,1,1,433667000.000000,0.01054721
2022-06-30,2022-12-22,2022-12-23,FINANCIAL SERVICES,CREDIT SERVICES,2,2,709788000.000000,0.01726274
2022-06-30,2022-12-22,2022-12-23,FINANCIAL SERVICES,SHELL COMPANIES,1,1,73875000.000000,0.00179671
2022-06-30,2022-12-22,2022-12-23,HEALTHCARE,BIOTECHNOLOGY,1,1,51417000.000000,0.00125051
2022-06-30,2022-12-22,2022-12-23,HEALTHCARE,HEALTH INFORMATION SERVICES,1,1,34625000.000000,0.00084211
2022-06-30,2022-12-22,2022-12-23,HEALTHCARE,HEALTHCARE PLANS,1,1,281363000.000000,0.00684303
2022-06-30,2022-12-22,2022-12-23,INDUSTRIALS,ELECTRICAL EQUIPMENT & PARTS,2,2,155139000.000000,0.00377313
2022-06-30,2022-12-22,2022-12-23,INDUSTRIALS,INTEGRATED FREIGHT & LOGISTICS,1,1,255599000.000000,0.00621642
2022-06-30,2022-12-22,2022-12-23,INDUSTRIALS,SPECIALTY INDUSTRIAL MACHINERY,2,2,372030000.000000,0.00904814
2022-06-30,2022-12-22,2022-12-23,REAL ESTATE,REIT - INDUSTRIAL,1,1,95852000.000000,0.00233121
2022-06-30,2022-12-22,2022-12-23,REAL ESTATE,REIT - SPECIALTY,1,1,483831000.000000,0.01176725
2022-06-30,2022-12-22,2022-12-23,TECHNOLOGY,SEMICONDUCTORS,1,1,359567000.000000,0.00874502
2022-06-30,2022-12-22,2022-12-23,TECHNOLOGY,SOFTWARE - APPLICATION,7,7,3633664000.000000,0.08837428
2022-06-30,2022-12-22,2022-12-23,TECHNOLOGY,SOFTWARE - INFRASTRUCTURE,1,1,473983000.000000,0.01152773
2022-06-30,2022-12-22,2022-12-23,UTILITIES,SECTOR ETF - UTILITIES,1,1,2313344000.000000,0.05626280
2022-06-30,2022-12-22,2022-12-23,UTILITIES,UTILITIES - REGULATED ELECTRIC,1,1,493266000.000000,0.01199671
2022-09-30,2022-11-14,2022-11-15,BASIC MATERIALS,COPPER,1,1,352433000.000000,0.00958346
2022-09-30,2022-11-14,2022-11-15,BASIC MATERIALS,GOLD,1,1,75686000.000000,0.00205807
2022-09-30,2022-11-14,2022-11-15,BASIC MATERIALS,PACKAGING & CONTAINERS,1,1,138076000.000000,0.00375460
2022-09-30,2022-11-14,2022-11-15,BASIC MATERIALS,SPECIALTY CHEMICALS,2,2,950728000.000000,0.02585246
2022-09-30,2022-11-14,2022-11-15,COMMUNICATION SERVICES,ELECTRONIC GAMING & MULTIMEDIA,3,3,5912186000.000000,0.16076582
2022-09-30,2022-11-14,2022-11-15,COMMUNICATION SERVICES,ENTERTAINMENT,1,1,955455000.000000,0.02598100
2022-09-30,2022-11-14,2022-11-15,COMMUNICATION SERVICES,INTERNET CONTENT & INFORMATION,3,3,944482000.000000,0.02568262
2022-09-30,2022-11-14,2022-11-15,CONSUMER CYCLICAL,AUTO MANUFACTURERS,1,1,14183078000.000000,0.38567024
2022-09-30,2022-11-14,2022-11-15,CONSUMER CYCLICAL,HOME IMPROVEMENT RETAIL,1,1,453088000.000000,0.01232050
2022-09-30,2022-11-14,2022-11-15,CONSUMER CYCLICAL,INTERNET RETAIL,7,7,753265000.000000,0.02048299
2022-09-30,2022-11-14,2022-11-15,CONSUMER CYCLICAL,RESTAURANTS,1,1,531959000.000000,0.01446518
2022-09-30,2022-11-14,2022-11-15,CONSUMER CYCLICAL,TRAVEL SERVICES,2,2,708130000.000000,0.01925567
2022-09-30,2022-11-14,2022-11-15,CONSUMER DEFENSIVE,DISCOUNT STORES,2,2,592038000.000000,0.01609886
2022-09-30,2022-11-14,2022-11-15,FINANCIAL SERVICES,ASSET MANAGEMENT,1,1,408139000.000000,0.01109823
2022-09-30,2022-11-14,2022-11-15,FINANCIAL SERVICES,BANKS - DIVERSIFIED,1,1,402435000.000000,0.01094313
2022-09-30,2022-11-14,2022-11-15,FINANCIAL SERVICES,CREDIT SERVICES,2,2,803157000.000000,0.02183967
2022-09-30,2022-11-14,2022-11-15,FINANCIAL SERVICES,SHELL COMPANIES,1,1,73951000.000000,0.00201090
2022-09-30,2022-11-14,2022-11-15,HEALTHCARE,BIOTECHNOLOGY,1,1,42830000.000000,0.00116465
2022-09-30,2022-11-14,2022-11-15,HEALTHCARE,HEALTH INFORMATION SERVICES,1,1,16725000.000000,0.00045479
2022-09-30,2022-11-14,2022-11-15,HEALTHCARE,HEALTHCARE PLANS,1,1,146575000.000000,0.00398571
2022-09-30,2022-11-14,2022-11-15,INDUSTRIALS,ELECTRICAL EQUIPMENT & PARTS,2,2,178571000.000000,0.00485575
2022-09-30,2022-11-14,2022-11-15,INDUSTRIALS,INTEGRATED FREIGHT & LOGISTICS,1,1,167389000.000000,0.00455169
2022-09-30,2022-11-14,2022-11-15,INDUSTRIALS,SPECIALTY INDUSTRIAL MACHINERY,1,1,366379000.000000,0.00996268
2022-09-30,2022-11-14,2022-11-15,REAL ESTATE,REIT - INDUSTRIAL,1,1,82776000.000000,0.00225087
2022-09-30,2022-11-14,2022-11-15,REAL ESTATE,REIT - SPECIALTY,1,1,406427000.000000,0.01105168
2022-09-30,2022-11-14,2022-11-15,TECHNOLOGY,SEMICONDUCTORS,1,1,297923000.000000,0.00810121
2022-09-30,2022-11-14,2022-11-15,TECHNOLOGY,SOFTWARE - APPLICATION,7,7,3741180000.000000,0.10173122
2022-09-30,2022-11-14,2022-11-15,TECHNOLOGY,SOFTWARE - INFRASTRUCTURE,1,1,429820000.000000,0.01168779
2022-09-30,2022-11-14,2022-11-15,UTILITIES,SECTOR ETF - UTILITIES,1,1,2160946000.000000,0.05876105
2022-09-30,2022-11-14,2022-11-15,UTILITIES,UTILITIES - REGULATED ELECTRIC,1,1,499315000.000000,0.01357751
2022-12-31,2023-02-14,2023-02-15,BASIC MATERIALS,COPPER,1,1,490027670.000000,0.01585952
2022-12-31,2023-02-14,2023-02-15,BASIC MATERIALS,GOLD,1,1,96503416.000000,0.00312329
2022-12-31,2023-02-14,2023-02-15,BASIC MATERIALS,PACKAGING & CONTAINERS,1,1,153606917.000000,0.00497142
2022-12-31,2023-02-14,2023-02-15,BASIC MATERIALS,SPECIALTY CHEMICALS,2,2,1221934741.000000,0.03954736
2022-12-31,2023-02-14,2023-02-15,COMMUNICATION SERVICES,ELECTRONIC GAMING & MULTIMEDIA,3,3,6046884232.000000,0.19570465
2022-12-31,2023-02-14,2023-02-15,COMMUNICATION SERVICES,ENTERTAINMENT,1,1,876294747.000000,0.02836088
2022-12-31,2023-02-14,2023-02-15,COMMUNICATION SERVICES,INTERNET CONTENT & INFORMATION,3,3,866804134.000000,0.02805372
2022-12-31,2023-02-14,2023-02-15,CONSUMER CYCLICAL,AUTO MANUFACTURERS,1,1,7574515044.000000,0.24514573
2022-12-31,2023-02-14,2023-02-15,CONSUMER CYCLICAL,HOME IMPROVEMENT RETAIL,1,1,518636119.000000,0.01678542
2022-12-31,2023-02-14,2023-02-15,CONSUMER CYCLICAL,INTERNET RETAIL,7,7,647443277.000000,0.02095421
2022-12-31,2023-02-14,2023-02-15,CONSUMER CYCLICAL,RESTAURANTS,1,1,626279459.000000,0.02026925
2022-12-31,2023-02-14,2023-02-15,CONSUMER CYCLICAL,TRAVEL SERVICES,2,2,839915208.000000,0.02718347
2022-12-31,2023-02-14,2023-02-15,CONSUMER DEFENSIVE,DISCOUNT STORES,2,2,585244648.000000,0.01894118
2022-12-31,2023-02-14,2023-02-15,FINANCIAL SERVICES,ASSET MANAGEMENT,1,1,525585911.000000,0.01701035
2022-12-31,2023-02-14,2023-02-15,FINANCIAL SERVICES,BANKS - DIVERSIFIED,1,1,516426207.000000,0.01671390
2022-12-31,2023-02-14,2023-02-15,FINANCIAL SERVICES,CREDIT SERVICES,2,2,731499394.000000,0.02367464
2022-12-31,2023-02-14,2023-02-15,HEALTHCARE,BIOTECHNOLOGY,1,1,69871639.000000,0.00226136
2022-12-31,2023-02-14,2023-02-15,HEALTHCARE,HEALTH INFORMATION SERVICES,1,1,20457826.000000,0.00066211
2022-12-31,2023-02-14,2023-02-15,HEALTHCARE,HEALTHCARE PLANS,1,1,58937500.000000,0.00190749
2022-12-31,2023-02-14,2023-02-15,INDUSTRIALS,ELECTRICAL EQUIPMENT & PARTS,2,2,116659664.000000,0.00377564
2022-12-31,2023-02-14,2023-02-15,INDUSTRIALS,INTEGRATED FREIGHT & LOGISTICS,1,1,195270183.000000,0.00631983
2022-12-31,2023-02-14,2023-02-15,INDUSTRIALS,SPECIALTY INDUSTRIAL MACHINERY,1,1,436194929.000000,0.01411725
2022-12-31,2023-02-14,2023-02-15,REAL ESTATE,REIT - INDUSTRIAL,1,1,91843837.000000,0.00297248
2022-12-31,2023-02-14,2023-02-15,REAL ESTATE,REIT - SPECIALTY,1,1,401050556.000000,0.01297982
2022-12-31,2023-02-14,2023-02-15,TECHNOLOGY,SEMICONDUCTORS,1,1,304552426.000000,0.00985670
2022-12-31,2023-02-14,2023-02-15,TECHNOLOGY,SOFTWARE - APPLICATION,7,7,3585065615.000000,0.11602902
2022-12-31,2023-02-14,2023-02-15,TECHNOLOGY,SOFTWARE - INFRASTRUCTURE,1,1,442590448.000000,0.01432424
2022-12-31,2023-02-14,2023-02-15,UTILITIES,SECTOR ETF - UTILITIES,1,1,2325548532.000000,0.07526532
2022-12-31,2023-02-14,2023-02-15,UTILITIES,UTILITIES - REGULATED ELECTRIC,1,1,532365134.000000,0.01722976
2023-03-31,2023-05-15,2023-05-16,BASIC MATERIALS,COPPER,1,1,527553473.000000,0.01485402
2023-03-31,2023-05-15,2023-05-16,BASIC MATERIALS,GOLD,1,1,100376463.000000,0.00282624
2023-03-31,2023-05-15,2023-05-16,BASIC MATERIALS,PACKAGING & CONTAINERS,1,1,151850197.000000,0.00427556
2023-03-31,2023-05-15,2023-05-16,BASIC MATERIALS,SPECIALTY CHEMICALS,2,2,1205784324.000000,0.03395057
2023-03-31,2023-05-15,2023-05-16,COMMUNICATION SERVICES,ELECTRONIC GAMING & MULTIMEDIA,3,3,7594532080.000000,0.21383481
2023-03-31,2023-05-15,2023-05-16,COMMUNICATION SERVICES,ENTERTAINMENT,1,1,879561690.000000,0.02476531
2023-03-31,2023-05-15,2023-05-16,COMMUNICATION SERVICES,INTERNET CONTENT & INFORMATION,3,3,1243755982.000000,0.03501971
2023-03-31,2023-05-15,2023-05-16,CONSUMER CYCLICAL,AUTO MANUFACTURERS,1,1,8916413024.000000,0.25105424
2023-03-31,2023-05-15,2023-05-16,CONSUMER CYCLICAL,HOME IMPROVEMENT RETAIL,1,1,484581433.000000,0.01364408
2023-03-31,2023-05-15,2023-05-16,CONSUMER CYCLICAL,INTERNET RETAIL,6,6,755434728.000000,0.02127033
2023-03-31,2023-05-15,2023-05-16,CONSUMER CYCLICAL,RESTAURANTS,1,1,657404033.000000,0.01851014
2023-03-31,2023-05-15,2023-05-16,CONSUMER CYCLICAL,TRAVEL SERVICES,2,2,1082165081.000000,0.03046989
2023-03-31,2023-05-15,2023-05-16,CONSUMER DEFENSIVE,DISCOUNT STORES,2,2,631563963.000000,0.01778258
2023-03-31,2023-05-15,2023-05-16,FINANCIAL SERVICES,ASSET MANAGEMENT,1,1,496281620.000000,0.01397351
2023-03-31,2023-05-15,2023-05-16,FINANCIAL SERVICES,BANKS - DIVERSIFIED,1,1,501830716.000000,0.01412975
2023-03-31,2023-05-15,2023-05-16,FINANCIAL SERVICES,CREDIT SERVICES,2,2,784606187.000000,0.02209170
2023-03-31,2023-05-15,2023-05-16,HEALTHCARE,BIOTECHNOLOGY,1,1,68470648.000000,0.00192789
2023-03-31,2023-05-15,2023-05-16,HEALTHCARE,HEALTH INFORMATION SERVICES,1,1,15426716.000000,0.00043436
2023-03-31,2023-05-15,2023-05-16,HEALTHCARE,HEALTHCARE PLANS,1,1,54325000.000000,0.00152960
2023-03-31,2023-05-15,2023-05-16,INDUSTRIALS,ELECTRICAL EQUIPMENT & PARTS,3,3,126993402.000000,0.00357568
2023-03-31,2023-05-15,2023-05-16,INDUSTRIALS,INTEGRATED FREIGHT & LOGISTICS,1,1,257605567.000000,0.00725325
2023-03-31,2023-05-15,2023-05-16,INDUSTRIALS,SPECIALTY INDUSTRIAL MACHINERY,1,1,430055903.000000,0.01210883
2023-03-31,2023-05-15,2023-05-16,REAL ESTATE,REIT - INDUSTRIAL,1,1,101653113.000000,0.00286219
2023-03-31,2023-05-15,2023-05-16,REAL ESTATE,REIT - SPECIALTY,1,1,386815211.000000,0.01089133
2023-03-31,2023-05-15,2023-05-16,TECHNOLOGY,SEMICONDUCTORS,1,1,460848901.000000,0.01297585
2023-03-31,2023-05-15,2023-05-16,TECHNOLOGY,SOFTWARE - APPLICATION,7,7,4344231021.000000,0.12231798
2023-03-31,2023-05-15,2023-05-16,TECHNOLOGY,SOFTWARE - INFRASTRUCTURE,1,1,532060821.000000,0.01498093
2023-03-31,2023-05-15,2023-05-16,UTILITIES,SECTOR ETF - UTILITIES,1,1,2232856456.000000,0.06286924
2023-03-31,2023-05-15,2023-05-16,UTILITIES,UTILITIES - REGULATED ELECTRIC,1,1,490845748.000000,0.01382046
2023-06-30,2023-08-14,2023-08-15,BASIC MATERIALS,COPPER,1,1,515818600.000000,0.01325082
2023-06-30,2023-08-14,2023-08-15,BASIC MATERIALS,GOLD,1,1,64389403.000000,0.00165409
2023-06-30,2023-08-14,2023-08-15,BASIC MATERIALS,PACKAGING & CONTAINERS,1,1,112538621.000000,0.00289099
2023-06-30,2023-08-14,2023-08-15,BASIC MATERIALS,SPECIALTY CHEMICALS,2,2,1283707925.000000,0.03297705
2023-06-30,2023-08-14,2023-08-15,COMMUNICATION SERVICES,ELECTRONIC GAMING & MULTIMEDIA,3,3,8093115614.000000,0.20790330
2023-06-30,2023-08-14,2023-08-15,COMMUNICATION SERVICES,ENTERTAINMENT,1,1,1144812365.000000,0.02940898
2023-06-30,2023-08-14,2023-08-15,COMMUNICATION SERVICES,INTERNET CONTENT & INFORMATION,3,3,1556857792.000000,0.03999398
2023-06-30,2023-08-14,2023-08-15,CONSUMER CYCLICAL,AUTO MANUFACTURERS,1,1,9471685053.000000,0.24331724
2023-06-30,2023-08-14,2023-08-15,CONSUMER CYCLICAL,HOME IMPROVEMENT RETAIL,1,1,510064978.000000,0.01310301
2023-06-30,2023-08-14,2023-08-15,CONSUMER CYCLICAL,INTERNET RETAIL,6,6,844941867.000000,0.02170563
2023-06-30,2023-08-14,2023-08-15,CONSUMER CYCLICAL,RESTAURANTS,1,1,625395597.000000,0.01606573
2023-06-30,2023-08-14,2023-08-15,CONSUMER CYCLICAL,TRAVEL SERVICES,2,2,1533607385.000000,0.03939670
2023-06-30,2023-08-14,2023-08-15,CONSUMER DEFENSIVE,DISCOUNT STORES,2,2,682281239.000000,0.01752706
2023-06-30,2023-08-14,2023-08-15,FINANCIAL SERVICES,ASSET MANAGEMENT,1,1,512613700.000000,0.01316849
2023-06-30,2023-08-14,2023-08-15,FINANCIAL SERVICES,BANKS - DIVERSIFIED,1,1,560097148.000000,0.01438828
2023-06-30,2023-08-14,2023-08-15,FINANCIAL SERVICES,CREDIT SERVICES,2,2,727036396.000000,0.01867677
2023-06-30,2023-08-14,2023-08-15,HEALTHCARE,BIOTECHNOLOGY,1,1,56643236.000000,0.00145510
2023-06-30,2023-08-14,2023-08-15,HEALTHCARE,HEALTHCARE PLANS,1,1,108137500.000000,0.00277793
2023-06-30,2023-08-14,2023-08-15,INDUSTRIALS,ELECTRICAL EQUIPMENT & PARTS,3,3,107102011.000000,0.00275133
2023-06-30,2023-08-14,2023-08-15,INDUSTRIALS,INTEGRATED FREIGHT & LOGISTICS,1,1,279488905.000000,0.00717976
2023-06-30,2023-08-14,2023-08-15,INDUSTRIALS,SPECIALTY INDUSTRIAL MACHINERY,1,1,441361793.000000,0.01133810
2023-06-30,2023-08-14,2023-08-15,REAL ESTATE,REIT - INDUSTRIAL,1,1,99909604.000000,0.00256657
2023-06-30,2023-08-14,2023-08-15,REAL ESTATE,REIT - SPECIALTY,1,1,367128032.000000,0.00943112
2023-06-30,2023-08-14,2023-08-15,TECHNOLOGY,SEMICONDUCTORS,1,1,535611655.000000,0.01375928
2023-06-30,2023-08-14,2023-08-15,TECHNOLOGY,SOFTWARE - APPLICATION,7,7,5433348556.000000,0.13957679
2023-06-30,2023-08-14,2023-08-15,TECHNOLOGY,SOFTWARE - INFRASTRUCTURE,1,1,628470316.000000,0.01614472
2023-06-30,2023-08-14,2023-08-15,UTILITIES,SECTOR ETF - UTILITIES,1,1,2158636822.000000,0.05545302
2023-06-30,2023-08-14,2023-08-15,UTILITIES,UTILITIES - REGULATED ELECTRIC,1,1,472505897.000000,0.01213816
2023-09-30,2023-11-14,2023-11-15,BASIC MATERIALS,COPPER,1,1,480871890.000000,0.01318356
2023-09-30,2023-11-14,2023-11-15,BASIC MATERIALS,GOLD,1,1,61968749.000000,0.00169893
2023-09-30,2023-11-14,2023-11-15,BASIC MATERIALS,PACKAGING & CONTAINERS,1,1,119659080.000000,0.00328057
2023-09-30,2023-11-14,2023-11-15,BASIC MATERIALS,SPECIALTY CHEMICALS,2,2,1228827791.000000,0.03368948
2023-09-30,2023-11-14,2023-11-15,COMMUNICATION SERVICES,ELECTRONIC GAMING & MULTIMEDIA,3,3,8138816963.000000,0.22313339
2023-09-30,2023-11-14,2023-11-15,COMMUNICATION SERVICES,ENTERTAINMENT,1,1,1043411468.000000,0.02860612
2023-09-30,2023-11-14,2023-11-15,COMMUNICATION SERVICES,INTERNET CONTENT & INFORMATION,3,3,1668043946.000000,0.04573101
2023-09-30,2023-11-14,2023-11-15,CONSUMER CYCLICAL,AUTO MANUFACTURERS,1,1,7684574666.000000,0.21067991
2023-09-30,2023-11-14,2023-11-15,CONSUMER CYCLICAL,HOME IMPROVEMENT RETAIL,1,1,496140979.000000,0.01360218
2023-09-30,2023-11-14,2023-11-15,CONSUMER CYCLICAL,INTERNET RETAIL,6,6,897081029.000000,0.02459433
2023-09-30,2023-11-14,2023-11-15,CONSUMER CYCLICAL,LUXURY GOODS,1,1,30100149.000000,0.00082522
2023-09-30,2023-11-14,2023-11-15,CONSUMER CYCLICAL,RESTAURANTS,1,1,576214982.000000,0.01579748
2023-09-30,2023-11-14,2023-11-15,CONSUMER CYCLICAL,TRAVEL SERVICES,2,2,1355755783.000000,0.03716933
2023-09-30,2023-11-14,2023-11-15,CONSUMER DEFENSIVE,DISCOUNT STORES,2,2,712006580.000000,0.01952034
2023-09-30,2023-11-14,2023-11-15,FINANCIAL SERVICES,ASSET MANAGEMENT,1,1,479497108.000000,0.01314587
2023-09-30,2023-11-14,2023-11-15,FINANCIAL SERVICES,BANKS - DIVERSIFIED,1,1,558479706.000000,0.01531125
2023-09-30,2023-11-14,2023-11-15,FINANCIAL SERVICES,CREDIT SERVICES,2,2,657903400.000000,0.01803705
2023-09-30,2023-11-14,2023-11-15,HEALTHCARE,BIOTECHNOLOGY,1,1,63743230.000000,0.00174758
2023-09-30,2023-11-14,2023-11-15,HEALTHCARE,HEALTHCARE PLANS,1,1,86100000.000000,0.00236051
2023-09-30,2023-11-14,2023-11-15,INDUSTRIALS,ELECTRICAL EQUIPMENT & PARTS,3,3,83118635.000000,0.00227878
2023-09-30,2023-11-14,2023-11-15,INDUSTRIALS,INTEGRATED FREIGHT & LOGISTICS,1,1,190359061.000000,0.00521887
2023-09-30,2023-11-14,2023-11-15,INDUSTRIALS,SPECIALTY INDUSTRIAL MACHINERY,1,1,411296766.000000,0.01127609
2023-09-30,2023-11-14,2023-11-15,REAL ESTATE,REIT - INDUSTRIAL,1,1,129514129.000000,0.00355075
2023-09-30,2023-11-14,2023-11-15,REAL ESTATE,REIT - SPECIALTY,1,1,311303521.000000,0.00853468
2023-09-30,2023-11-14,2023-11-15,TECHNOLOGY,SEMICONDUCTORS,1,1,483465809.000000,0.01325467
2023-09-30,2023-11-14,2023-11-15,TECHNOLOGY,SOFTWARE - APPLICATION,7,7,5635425542.000000,0.15450054
2023-09-30,2023-11-14,2023-11-15,TECHNOLOGY,SOFTWARE - INFRASTRUCTURE,1,1,582720098.000000,0.01597582
2023-09-30,2023-11-14,2023-11-15,UTILITIES,SECTOR ETF - UTILITIES,1,1,1943894681.000000,0.05329372
2023-09-30,2023-11-14,2023-11-15,UTILITIES,UTILITIES - REGULATED ELECTRIC,1,1,364822949.000000,0.01000197
2023-12-31,2024-02-14,2024-02-15,BASIC MATERIALS,COPPER,1,1,548959945.000000,0.01557768
2023-12-31,2024-02-14,2024-02-15,BASIC MATERIALS,GOLD,1,1,60354979.000000,0.00171268
2023-12-31,2024-02-14,2024-02-15,BASIC MATERIALS,PACKAGING & CONTAINERS,1,1,132426121.000000,0.00375782
2023-12-31,2024-02-14,2024-02-15,BASIC MATERIALS,SPECIALTY CHEMICALS,2,2,1248797730.000000,0.03543678
2023-12-31,2024-02-14,2024-02-15,COMMUNICATION SERVICES,ELECTRONIC GAMING & MULTIMEDIA,2,2,5231165923.000000,0.14844332
2023-12-31,2024-02-14,2024-02-15,COMMUNICATION SERVICES,ENTERTAINMENT,1,1,1176099631.000000,0.03337385
2023-12-31,2024-02-14,2024-02-15,COMMUNICATION SERVICES,INTERNET CONTENT & INFORMATION,3,3,1929610556.000000,0.05475601
2023-12-31,2024-02-14,2024-02-15,CONSUMER CYCLICAL,AUTO MANUFACTURERS,1,1,5787488255.000000,0.16422992
2023-12-31,2024-02-14,2024-02-15,CONSUMER CYCLICAL,HOME IMPROVEMENT RETAIL,1,1,569028516.000000,0.01614716
2023-12-31,2024-02-14,2024-02-15,CONSUMER CYCLICAL,INTERNET RETAIL,6,6,1060212806.000000,0.03008536
2023-12-31,2024-02-14,2024-02-15,CONSUMER CYCLICAL,LUXURY GOODS,1,1,25786499.000000,0.00073174
2023-12-31,2024-02-14,2024-02-15,CONSUMER CYCLICAL,RESTAURANTS,1,1,606140029.000000,0.01720026
2023-12-31,2024-02-14,2024-02-15,CONSUMER CYCLICAL,TRAVEL SERVICES,2,2,1699658799.000000,0.04823074
2023-12-31,2024-02-14,2024-02-15,CONSUMER DEFENSIVE,DISCOUNT STORES,2,2,808803949.000000,0.02295120
2023-12-31,2024-02-14,2024-02-15,FINANCIAL SERVICES,ASSET MANAGEMENT,1,1,602106377.000000,0.01708580
2023-12-31,2024-02-14,2024-02-15,FINANCIAL SERVICES,BANKS - DIVERSIFIED,1,1,655064115.000000,0.01858857
2023-12-31,2024-02-14,2024-02-15,FINANCIAL SERVICES,CREDIT SERVICES,2,2,708990224.000000,0.02011882
2023-12-31,2024-02-14,2024-02-15,HEALTHCARE,BIOTECHNOLOGY,1,1,63916879.000000,0.00181375
2023-12-31,2024-02-14,2024-02-15,HEALTHCARE,HEALTHCARE PLANS,1,1,73800000.000000,0.00209420
2023-12-31,2024-02-14,2024-02-15,INDUSTRIALS,ELECTRICAL EQUIPMENT & PARTS,2,2,41875312.000000,0.00118828
2023-12-31,2024-02-14,2024-02-15,INDUSTRIALS,INTEGRATED FREIGHT & LOGISTICS,1,1,159981770.000000,0.00453976
2023-12-31,2024-02-14,2024-02-15,INDUSTRIALS,SPECIALTY INDUSTRIAL MACHINERY,1,1,431298111.000000,0.01223882
2023-12-31,2024-02-14,2024-02-15,REAL ESTATE,REIT - INDUSTRIAL,1,1,153856460.000000,0.00436594
2023-12-31,2024-02-14,2024-02-15,REAL ESTATE,REIT - SPECIALTY,1,1,408660408.000000,0.01159644
2023-12-31,2024-02-14,2024-02-15,TECHNOLOGY,SEMICONDUCTORS,1,1,693130665.000000,0.01966877
2023-12-31,2024-02-14,2024-02-15,TECHNOLOGY,SOFTWARE - APPLICATION,7,7,7193129821.000000,0.20411741
2023-12-31,2024-02-14,2024-02-15,TECHNOLOGY,SOFTWARE - INFRASTRUCTURE,1,1,693985956.000000,0.01969304
2023-12-31,2024-02-14,2024-02-15,UTILITIES,SECTOR ETF - UTILITIES,1,1,2089035298.000000,0.05927996
2023-12-31,2024-02-14,2024-02-15,UTILITIES,UTILITIES - REGULATED ELECTRIC,1,1,386792563.000000,0.01097590
2024-03-31,2024-05-15,2024-05-16,BASIC MATERIALS,PACKAGING & CONTAINERS,1,1,146241252.000000,0.00812847
2024-03-31,2024-05-15,2024-05-16,BASIC MATERIALS,SPECIALTY CHEMICALS,2,2,765446625.000000,0.04254554
2024-03-31,2024-05-15,2024-05-16,COMMUNICATION SERVICES,ELECTRONIC GAMING & MULTIMEDIA,2,2,4986234171.000000,0.27714804
2024-03-31,2024-05-15,2024-05-16,COMMUNICATION SERVICES,INTERNET CONTENT & INFORMATION,2,2,551136644.000000,0.03063363
2024-03-31,2024-05-15,2024-05-16,CONSUMER CYCLICAL,AUTO MANUFACTURERS,1,1,3917895849.000000,0.21776698
2024-03-31,2024-05-15,2024-05-16,CONSUMER CYCLICAL,INTERNET RETAIL,3,3,359311065.000000,0.01997146
2024-03-31,2024-05-15,2024-05-16,CONSUMER CYCLICAL,LUXURY GOODS,1,1,43159984.000000,0.00239895
2024-03-31,2024-05-15,2024-05-16,CONSUMER DEFENSIVE,DISCOUNT STORES,1,1,114655800.000000,0.00637287
2024-03-31,2024-05-15,2024-05-16,FINANCIAL SERVICES,BANKS - REGIONAL,1,1,14041371.000000,0.00078046
2024-03-31,2024-05-15,2024-05-16,FINANCIAL SERVICES,CREDIT SERVICES,2,2,371456273.000000,0.02064652
2024-03-31,2024-05-15,2024-05-16,HEALTHCARE,BIOTECHNOLOGY,1,1,55422270.000000,0.00308052
2024-03-31,2024-05-15,2024-05-16,HEALTHCARE,HEALTHCARE PLANS,1,1,41574000.000000,0.00231079
2024-03-31,2024-05-15,2024-05-16,INDUSTRIALS,ELECTRICAL EQUIPMENT & PARTS,2,2,56203536.000000,0.00312394
2024-03-31,2024-05-15,2024-05-16,INDUSTRIALS,INTEGRATED FREIGHT & LOGISTICS,1,1,183235632.000000,0.01018472
2024-03-31,2024-05-15,2024-05-16,INDUSTRIALS,SPECIALTY INDUSTRIAL MACHINERY,1,1,530458690.000000,0.02948429
2024-03-31,2024-05-15,2024-05-16,REAL ESTATE,REIT - INDUSTRIAL,1,1,150301487.000000,0.00835415
2024-03-31,2024-05-15,2024-05-16,TECHNOLOGY,SOFTWARE - APPLICATION,2,2,5704455752.000000,0.31706868
2024-06-30,2024-09-30,2024-10-01,CONSUMER CYCLICAL,INTERNET RETAIL,1,1,65929363.000000,1.00000000
2024-09-30,2024-11-14,2024-11-15,BASIC MATERIALS,PACKAGING & CONTAINERS,1,1,144610163.000000,0.00743210
2024-09-30,2024-11-14,2024-11-15,BASIC MATERIALS,SPECIALTY CHEMICALS,2,2,827391019.000000,0.04252297
2024-09-30,2024-11-14,2024-11-15,COMMUNICATION SERVICES,ELECTRONIC GAMING & MULTIMEDIA,2,2,5313000229.000000,0.27305658
2024-09-30,2024-11-14,2024-11-15,COMMUNICATION SERVICES,INTERNET CONTENT & INFORMATION,2,2,602690129.000000,0.03097468
2024-09-30,2024-11-14,2024-11-15,CONSUMER CYCLICAL,AUTO MANUFACTURERS,1,1,4852692052.000000,0.24939948
2024-09-30,2024-11-14,2024-11-15,CONSUMER CYCLICAL,INTERNET RETAIL,4,4,542676458.000000,0.02789034
2024-09-30,2024-11-14,2024-11-15,CONSUMER CYCLICAL,LUXURY GOODS,1,1,36508329.000000,0.00187631
2024-09-30,2024-11-14,2024-11-15,CONSUMER DEFENSIVE,DISCOUNT STORES,1,1,153871628.000000,0.00790809
2024-09-30,2024-11-14,2024-11-15,FINANCIAL SERVICES,BANKS - REGIONAL,1,1,51903852.000000,0.00266755
2024-09-30,2024-11-14,2024-11-15,FINANCIAL SERVICES,CREDIT SERVICES,2,2,357864384.000000,0.01839210
2024-09-30,2024-11-14,2024-11-15,HEALTHCARE,BIOTECHNOLOGY,1,1,79562976.000000,0.00408906
2024-09-30,2024-11-14,2024-11-15,HEALTHCARE,HEALTHCARE PLANS,1,1,9788750.000000,0.00050308
2024-09-30,2024-11-14,2024-11-15,INDUSTRIALS,ELECTRICAL EQUIPMENT & PARTS,2,2,47082543.000000,0.00241976
2024-09-30,2024-11-14,2024-11-15,INDUSTRIALS,INTEGRATED FREIGHT & LOGISTICS,1,1,136337524.000000,0.00700694
2024-09-30,2024-11-14,2024-11-15,INDUSTRIALS,SPECIALTY INDUSTRIAL MACHINERY,1,1,530686953.000000,0.02727415
2024-09-30,2024-11-14,2024-11-15,REAL ESTATE,REIT - INDUSTRIAL,1,1,195969512.000000,0.01007167
2024-09-30,2024-11-14,2024-11-15,TECHNOLOGY,SOFTWARE - APPLICATION,2,2,5574870062.000000,0.28651513
2024-12-31,2025-02-14,2025-02-18,BASIC MATERIALS,PACKAGING & CONTAINERS,1,1,122580629.000000,0.00636934
2024-12-31,2025-02-14,2025-02-18,BASIC MATERIALS,SPECIALTY CHEMICALS,2,2,750579205.000000,0.03900043
2024-12-31,2025-02-14,2025-02-18,COMMUNICATION SERVICES,ELECTRONIC GAMING & MULTIMEDIA,2,2,5730614746.000000,0.29776532
2024-12-31,2025-02-14,2025-02-18,COMMUNICATION SERVICES,INTERNET CONTENT & INFORMATION,2,2,593718609.000000,0.03084989
2024-12-31,2025-02-14,2025-02-18,CONSUMER CYCLICAL,AUTO MANUFACTURERS,1,1,5348083826.000000,0.27788884
2024-12-31,2025-02-14,2025-02-18,CONSUMER CYCLICAL,INTERNET RETAIL,5,5,647389973.000000,0.03363867
2024-12-31,2025-02-14,2025-02-18,CONSUMER CYCLICAL,LUXURY GOODS,1,1,48191516.000000,0.00250405
2024-12-31,2025-02-14,2025-02-18,FINANCIAL SERVICES,BANKS - REGIONAL,1,1,70715247.000000,0.00367440
2024-12-31,2025-02-14,2025-02-18,FINANCIAL SERVICES,CREDIT SERVICES,2,2,362908766.000000,0.01885690
2024-12-31,2025-02-14,2025-02-18,HEALTHCARE,BIOTECHNOLOGY,1,1,65458453.000000,0.00340125
2024-12-31,2025-02-14,2025-02-18,HEALTHCARE,HEALTHCARE PLANS,1,1,18936875.000000,0.00098397
2024-12-31,2025-02-14,2025-02-18,INDUSTRIALS,ELECTRICAL EQUIPMENT & PARTS,2,2,84044664.000000,0.00436700
2024-12-31,2025-02-14,2025-02-18,INDUSTRIALS,INTEGRATED FREIGHT & LOGISTICS,1,1,140148478.000000,0.00728218
2024-12-31,2025-02-14,2025-02-18,INDUSTRIALS,SPECIALTY INDUSTRIAL MACHINERY,1,1,571350171.000000,0.02968761
2024-12-31,2025-02-14,2025-02-18,REAL ESTATE,REIT - INDUSTRIAL,1,1,164032131.000000,0.00852318
2024-12-31,2025-02-14,2025-02-18,TECHNOLOGY,SOFTWARE - APPLICATION,2,2,4526653933.000000,0.23520697
2025-03-31,2025-05-15,2025-05-16,BASIC MATERIALS,PACKAGING & CONTAINERS,1,1,116580316.000000,0.00598242
2025-03-31,2025-05-15,2025-05-16,BASIC MATERIALS,SPECIALTY CHEMICALS,2,2,822660995.000000,0.04221555
2025-03-31,2025-05-15,2025-05-16,COMMUNICATION SERVICES,ELECTRONIC GAMING & MULTIMEDIA,2,2,5950934763.000000,0.30537728
2025-03-31,2025-05-15,2025-05-16,COMMUNICATION SERVICES,INTERNET CONTENT & INFORMATION,2,2,512967603.000000,0.02632337
2025-03-31,2025-05-15,2025-05-16,CONSUMER CYCLICAL,AUTO MANUFACTURERS,1,1,4285550615.000000,0.21991667
2025-03-31,2025-05-15,2025-05-16,CONSUMER CYCLICAL,INTERNET RETAIL,5,5,901844881.000000,0.04627894
2025-03-31,2025-05-15,2025-05-16,CONSUMER CYCLICAL,LUXURY GOODS,1,1,43173998.000000,0.00221551
2025-03-31,2025-05-15,2025-05-16,FINANCIAL SERVICES,BANKS - REGIONAL,1,1,69896151.000000,0.00358678
2025-03-31,2025-05-15,2025-05-16,FINANCIAL SERVICES,CREDIT SERVICES,2,2,350719267.000000,0.01799746
2025-03-31,2025-05-15,2025-05-16,HEALTHCARE,BIOTECHNOLOGY,1,1,96452965.000000,0.00494957
2025-03-31,2025-05-15,2025-05-16,HEALTHCARE,HEALTHCARE PLANS,1,1,26432188.000000,0.00135639
2025-03-31,2025-05-15,2025-05-16,INDUSTRIALS,ELECTRICAL EQUIPMENT & PARTS,1,1,74782118.000000,0.00383751
2025-03-31,2025-05-15,2025-05-16,INDUSTRIALS,INTEGRATED FREIGHT & LOGISTICS,1,1,121442420.000000,0.00623192
2025-03-31,2025-05-15,2025-05-16,INDUSTRIALS,SPECIALTY INDUSTRIAL MACHINERY,1,1,513723458.000000,0.02636216
2025-03-31,2025-05-15,2025-05-16,REAL ESTATE,REIT - INDUSTRIAL,1,1,173482988.000000,0.00890243
2025-03-31,2025-05-15,2025-05-16,TECHNOLOGY,SOFTWARE - APPLICATION,2,2,5426511817.000000,0.27846607
2025-06-30,2025-08-14,2025-08-15,BASIC MATERIALS,PACKAGING & CONTAINERS,1,1,40649731.000000,0.00224337
2025-06-30,2025-08-14,2025-08-15,BASIC MATERIALS,SPECIALTY CHEMICALS,2,2,280365313.000000,0.01547273
2025-06-30,2025-08-14,2025-08-15,COMMUNICATION SERVICES,ELECTRONIC GAMING & MULTIMEDIA,2,2,6733881778.000000,0.37162766
2025-06-30,2025-08-14,2025-08-15,COMMUNICATION SERVICES,INTERNET CONTENT & INFORMATION,1,1,7530313.000000,0.00041558
2025-06-30,2025-08-14,2025-08-15,CONSUMER CYCLICAL,AUTO MANUFACTURERS,1,1,3736575123.000000,0.20621310
2025-06-30,2025-08-14,2025-08-15,CONSUMER CYCLICAL,INTERNET RETAIL,1,1,16975747.000000,0.00093685
2025-06-30,2025-08-14,2025-08-15,HEALTHCARE,BIOTECHNOLOGY,1,1,54992736.000000,0.00303492
2025-06-30,2025-08-14,2025-08-15,HEALTHCARE,HEALTHCARE PLANS,1,1,57822813.000000,0.00319111
2025-06-30,2025-08-14,2025-08-15,INDUSTRIALS,ELECTRICAL EQUIPMENT & PARTS,1,1,36090663.000000,0.00199176
2025-06-30,2025-08-14,2025-08-15,INDUSTRIALS,SPECIALTY INDUSTRIAL MACHINERY,1,1,358801795.000000,0.01980146
2025-06-30,2025-08-14,2025-08-15,REAL ESTATE,REIT - INDUSTRIAL,1,1,260803.000000,0.00001439
2025-06-30,2025-08-14,2025-08-15,TECHNOLOGY,SOFTWARE - APPLICATION,1,1,6796022475.000000,0.37505706
2025-09-30,2025-11-14,2025-11-17,COMMUNICATION SERVICES,ELECTRONIC GAMING & MULTIMEDIA,2,2,7952856609.000000,0.41057603
2025-09-30,2025-11-14,2025-11-17,CONSUMER CYCLICAL,AUTO MANUFACTURERS,1,1,4212944146.000000,0.21749844
2025-09-30,2025-11-14,2025-11-17,HEALTHCARE,HEALTHCARE PLANS,1,1,68008750.000000,0.00351104
2025-09-30,2025-11-14,2025-11-17,TECHNOLOGY,SOFTWARE - APPLICATION,1,1,7136187802.000000,0.36841450
2025-12-31,2026-02-17,2026-02-18,COMMUNICATION SERVICES,ELECTRONIC GAMING & MULTIMEDIA,1,1,5069004746.000000,0.39150730
2025-12-31,2026-02-17,2026-02-18,CONSUMER CYCLICAL,AUTO MANUFACTURERS,1,1,1871829324.000000,0.14457174
2025-12-31,2026-02-17,2026-02-18,HEALTHCARE,HEALTHCARE PLANS,1,1,54773438.000000,0.00423046
2025-12-31,2026-02-17,2026-02-18,TECHNOLOGY,SOFTWARE - APPLICATION,1,1,5951800605.000000,0.45969051
2026-03-31,2026-05-15,2026-05-18,COMMUNICATION SERVICES,ELECTRONIC GAMING & MULTIMEDIA,1,1,5057593097.000000,0.42126930
2026-03-31,2026-05-15,2026-05-18,CONSUMER CYCLICAL,AUTO MANUFACTURERS,1,1,1687656903.000000,0.14057241
2026-03-31,2026-05-15,2026-05-18,HEALTHCARE,HEALTHCARE PLANS,1,1,20935625.000000,0.00174382
2026-03-31,2026-05-15,2026-05-18,TECHNOLOGY,SOFTWARE - APPLICATION,1,1,5239420114.000000,0.43641447
