period,prev_as_of_date,curr_as_of_date,public_date,trade_date,sector,industry,weight_before,weight_after,net_weight_change,entry_count,exit_count,accumulation_count,reduction_count
2018-12-31->2019-03-31,2018-12-31,2019-03-31,2019-05-13,2019-05-14,CONSUMER CYCLICAL,AUTO MANUFACTURERS,1.00000000,1.00000000,0.00000000,0,0,0,0
2019-03-31->2019-06-30,2019-03-31,2019-06-30,2019-08-06,2019-08-07,CONSUMER CYCLICAL,AUTO MANUFACTURERS,1.00000000,0.35379059,-0.64620941,0,0,0,0
2019-03-31->2019-06-30,2019-03-31,2019-06-30,2019-08-06,2019-08-07,TECHNOLOGY,SOFTWARE - APPLICATION,0.00000000,0.64620941,0.64620941,1,0,0,0
2019-06-30->2019-09-30,2019-06-30,2019-09-30,2019-10-21,2019-10-22,CONSUMER CYCLICAL,AUTO MANUFACTURERS,0.35379059,0.47320877,0.11941818,0,0,0,0
2019-06-30->2019-09-30,2019-06-30,2019-09-30,2019-10-21,2019-10-22,TECHNOLOGY,SOFTWARE - APPLICATION,0.64620941,0.52679123,-0.11941818,0,0,0,0
2019-09-30->2019-12-31,2019-09-30,2019-12-31,2020-02-04,2020-02-05,CONSUMER CYCLICAL,AUTO MANUFACTURERS,0.47320877,0.00750370,-0.46570507,0,0,0,1
2019-09-30->2019-12-31,2019-09-30,2019-12-31,2020-02-04,2020-02-05,TECHNOLOGY,SOFTWARE - APPLICATION,0.52679123,0.99249630,0.46570507,0,0,0,0
2019-12-31->2020-03-31,2019-12-31,2020-03-31,2020-05-15,2020-05-18,COMMUNICATION SERVICES,ENTERTAINMENT,0.00000000,0.09327017,0.09327017,2,0,0,0
2019-12-31->2020-03-31,2019-12-31,2020-03-31,2020-05-15,2020-05-18,COMMUNICATION SERVICES,INTERNET CONTENT & INFORMATION,0.00000000,0.05337510,0.05337510,1,0,0,0
2019-12-31->2020-03-31,2019-12-31,2020-03-31,2020-05-15,2020-05-18,CONSUMER CYCLICAL,AUTO MANUFACTURERS,0.00750370,0.00000000,-0.00750370,0,1,0,0
2019-12-31->2020-03-31,2019-12-31,2020-03-31,2020-05-15,2020-05-18,CONSUMER CYCLICAL,LODGING,0.00000000,0.05256424,0.05256424,1,0,0,0
2019-12-31->2020-03-31,2019-12-31,2020-03-31,2020-05-15,2020-05-18,CONSUMER CYCLICAL,RESTAURANTS,0.00000000,0.00793407,0.00793407,1,0,0,0
2019-12-31->2020-03-31,2019-12-31,2020-03-31,2020-05-15,2020-05-18,CONSUMER CYCLICAL,TRAVEL SERVICES,0.00000000,0.05470739,0.05470739,2,0,0,0
2019-12-31->2020-03-31,2019-12-31,2020-03-31,2020-05-15,2020-05-18,ENERGY,OIL & GAS E&P,0.00000000,0.04174294,0.04174294,1,0,0,0
2019-12-31->2020-03-31,2019-12-31,2020-03-31,2020-05-15,2020-05-18,ENERGY,OIL & GAS INTEGRATED,0.00000000,0.20607149,0.20607149,4,0,0,0
2019-12-31->2020-03-31,2019-12-31,2020-03-31,2020-05-15,2020-05-18,FINANCIAL SERVICES,BANKS - DIVERSIFIED,0.00000000,0.10325534,0.10325534,2,0,0,0
2019-12-31->2020-03-31,2019-12-31,2020-03-31,2020-05-15,2020-05-18,FINANCIAL SERVICES,INSURANCE - DIVERSIFIED,0.00000000,0.00802213,0.00802213,1,0,0,0
2019-12-31->2020-03-31,2019-12-31,2020-03-31,2020-05-15,2020-05-18,HEALTHCARE,DRUG MANUFACTURERS - GENERAL,0.00000000,0.00803134,0.00803134,1,0,0,0
2019-12-31->2020-03-31,2019-12-31,2020-03-31,2020-05-15,2020-05-18,INDUSTRIALS,AEROSPACE & DEFENSE,0.00000000,0.07299401,0.07299401,1,0,0,0
2019-12-31->2020-03-31,2019-12-31,2020-03-31,2020-05-15,2020-05-18,INDUSTRIALS,RAILROADS,0.00000000,0.00806376,0.00806376,1,0,0,0
2019-12-31->2020-03-31,2019-12-31,2020-03-31,2020-05-15,2020-05-18,TECHNOLOGY,COMMUNICATION EQUIPMENT,0.00000000,0.05020671,0.05020671,1,0,0,0
2019-12-31->2020-03-31,2019-12-31,2020-03-31,2020-05-15,2020-05-18,TECHNOLOGY,INFORMATION TECHNOLOGY SERVICES,0.00000000,0.00794205,0.00794205,1,0,0,0
2019-12-31->2020-03-31,2019-12-31,2020-03-31,2020-05-15,2020-05-18,TECHNOLOGY,SEMICONDUCTORS,0.00000000,0.01578990,0.01578990,2,0,0,0
2019-12-31->2020-03-31,2019-12-31,2020-03-31,2020-05-15,2020-05-18,TECHNOLOGY,SOFTWARE - APPLICATION,0.99249630,0.21602936,-0.77646694,1,0,0,0
2020-03-31->2020-06-30,2020-03-31,2020-06-30,2020-08-14,2020-08-17,COMMUNICATION SERVICES,ENTERTAINMENT,0.09327017,0.05502004,-0.03825013,0,1,1,0
2020-03-31->2020-06-30,2020-03-31,2020-06-30,2020-08-14,2020-08-17,COMMUNICATION SERVICES,INTERNET CONTENT & INFORMATION,0.05337510,0.00000000,-0.05337510,0,1,0,0
2020-03-31->2020-06-30,2020-03-31,2020-06-30,2020-08-14,2020-08-17,CONSUMER CYCLICAL,LODGING,0.05256424,0.00000000,-0.05256424,0,1,0,0
2020-03-31->2020-06-30,2020-03-31,2020-06-30,2020-08-14,2020-08-17,CONSUMER CYCLICAL,RESTAURANTS,0.00793407,0.00000000,-0.00793407,0,1,0,0
2020-03-31->2020-06-30,2020-03-31,2020-06-30,2020-08-14,2020-08-17,CONSUMER CYCLICAL,TRAVEL SERVICES,0.05470739,0.08582930,0.03112191,1,1,1,0
2020-03-31->2020-06-30,2020-03-31,2020-06-30,2020-08-14,2020-08-17,ENERGY,OIL & GAS E&P,0.04174294,0.02949988,-0.01224306,0,0,0,1
2020-03-31->2020-06-30,2020-03-31,2020-06-30,2020-08-14,2020-08-17,ENERGY,OIL & GAS INTEGRATED,0.20607149,0.08489309,-0.12117840,0,3,1,0
2020-03-31->2020-06-30,2020-03-31,2020-06-30,2020-08-14,2020-08-17,FINANCIAL SERVICES,BANKS - DIVERSIFIED,0.10325534,0.00000000,-0.10325534,0,2,0,0
2020-03-31->2020-06-30,2020-03-31,2020-06-30,2020-08-14,2020-08-17,FINANCIAL SERVICES,INSURANCE - DIVERSIFIED,0.00802213,0.00385763,-0.00416450,0,0,0,1
2020-03-31->2020-06-30,2020-03-31,2020-06-30,2020-08-14,2020-08-17,HEALTHCARE,DRUG MANUFACTURERS - GENERAL,0.00803134,0.00000000,-0.00803134,0,1,0,0
2020-03-31->2020-06-30,2020-03-31,2020-06-30,2020-08-14,2020-08-17,INDUSTRIALS,AEROSPACE & DEFENSE,0.07299401,0.00000000,-0.07299401,0,1,0,0
2020-03-31->2020-06-30,2020-03-31,2020-06-30,2020-08-14,2020-08-17,INDUSTRIALS,RAILROADS,0.00806376,0.00907195,0.00100819,0,0,0,1
2020-03-31->2020-06-30,2020-03-31,2020-06-30,2020-08-14,2020-08-17,REAL ESTATE,SECTOR ETF - REAL ESTATE,0.00000000,0.27580575,0.27580575,2,0,0,0
2020-03-31->2020-06-30,2020-03-31,2020-06-30,2020-08-14,2020-08-17,TECHNOLOGY,COMMUNICATION EQUIPMENT,0.05020671,0.02674420,-0.02346251,0,0,0,1
2020-03-31->2020-06-30,2020-03-31,2020-06-30,2020-08-14,2020-08-17,TECHNOLOGY,INFORMATION TECHNOLOGY SERVICES,0.00794205,0.00000000,-0.00794205,0,1,0,0
2020-03-31->2020-06-30,2020-03-31,2020-06-30,2020-08-14,2020-08-17,TECHNOLOGY,SEMICONDUCTORS,0.01578990,0.00000000,-0.01578990,0,2,0,0
2020-03-31->2020-06-30,2020-03-31,2020-06-30,2020-08-14,2020-08-17,TECHNOLOGY,SOFTWARE - APPLICATION,0.21602936,0.24541234,0.02938298,0,0,1,0
2020-03-31->2020-06-30,2020-03-31,2020-06-30,2020-08-14,2020-08-17,UTILITIES,SECTOR ETF - UTILITIES,0.00000000,0.18386582,0.18386582,1,0,0,0
2020-06-30->2020-09-30,2020-06-30,2020-09-30,2020-11-16,2020-11-17,BASIC MATERIALS,GOLD,0.00000000,0.02192802,0.02192802,1,0,0,0
2020-06-30->2020-09-30,2020-06-30,2020-09-30,2020-11-16,2020-11-17,COMMUNICATION SERVICES,ENTERTAINMENT,0.05502004,0.09603957,0.04101953,0,0,0,0
2020-06-30->2020-09-30,2020-06-30,2020-09-30,2020-11-16,2020-11-17,CONSUMER CYCLICAL,TRAVEL SERVICES,0.08582930,0.10945965,0.02363035,0,1,0,0
2020-06-30->2020-09-30,2020-06-30,2020-09-30,2020-11-16,2020-11-17,ENERGY,OIL & GAS E&P,0.02949988,0.00000000,-0.02949988,0,1,0,0
2020-06-30->2020-09-30,2020-06-30,2020-09-30,2020-11-16,2020-11-17,ENERGY,OIL & GAS INTEGRATED,0.08489309,0.08843839,0.00354530,0,0,0,0
2020-06-30->2020-09-30,2020-06-30,2020-09-30,2020-11-16,2020-11-17,FINANCIAL SERVICES,INSURANCE - DIVERSIFIED,0.00385763,0.00000000,-0.00385763,0,1,0,0
2020-06-30->2020-09-30,2020-06-30,2020-09-30,2020-11-16,2020-11-17,INDUSTRIALS,RAILROADS,0.00907195,0.00000000,-0.00907195,0,1,0,0
2020-06-30->2020-09-30,2020-06-30,2020-09-30,2020-11-16,2020-11-17,REAL ESTATE,SECTOR ETF - REAL ESTATE,0.27580575,0.00000000,-0.27580575,0,2,0,0
2020-06-30->2020-09-30,2020-06-30,2020-09-30,2020-11-16,2020-11-17,TECHNOLOGY,COMMUNICATION EQUIPMENT,0.02674420,0.00000000,-0.02674420,0,1,0,0
2020-06-30->2020-09-30,2020-06-30,2020-09-30,2020-11-16,2020-11-17,TECHNOLOGY,SOFTWARE - APPLICATION,0.24541234,0.40627115,0.16085881,0,0,0,0
2020-06-30->2020-09-30,2020-06-30,2020-09-30,2020-11-16,2020-11-17,UTILITIES,SECTOR ETF - UTILITIES,0.18386582,0.27786322,0.09399740,0,0,0,0
2020-09-30->2020-12-31,2020-09-30,2020-12-31,2021-05-17,2021-05-18,BASIC MATERIALS,GOLD,0.02192802,0.00000000,-0.02192802,0,1,0,0
2020-09-30->2020-12-31,2020-09-30,2020-12-31,2021-05-17,2021-05-18,COMMUNICATION SERVICES,ENTERTAINMENT,0.09603957,0.00000000,-0.09603957,0,1,0,0
2020-09-30->2020-12-31,2020-09-30,2020-12-31,2021-05-17,2021-05-18,CONSUMER CYCLICAL,TRAVEL SERVICES,0.10945965,0.00000000,-0.10945965,0,1,0,0
2020-09-30->2020-12-31,2020-09-30,2020-12-31,2021-05-17,2021-05-18,ENERGY,OIL & GAS INTEGRATED,0.08843839,0.00000000,-0.08843839,0,1,0,0
2020-09-30->2020-12-31,2020-09-30,2020-12-31,2021-05-17,2021-05-18,TECHNOLOGY,SOFTWARE - APPLICATION,0.40627115,0.00000000,-0.40627115,0,2,0,0
2020-09-30->2020-12-31,2020-09-30,2020-12-31,2021-05-17,2021-05-18,UTILITIES,SECTOR ETF - UTILITIES,0.27786322,0.00000000,-0.27786322,0,1,0,0
2020-12-31->2021-03-31,2020-12-31,2021-03-31,2021-05-17,2021-05-18,BASIC MATERIALS,GOLD,0.00000000,0.00915160,0.00915160,1,0,0,0
2020-12-31->2021-03-31,2020-12-31,2021-03-31,2021-05-17,2021-05-18,COMMUNICATION SERVICES,ELECTRONIC GAMING & MULTIMEDIA,0.00000000,0.39034336,0.39034336,3,0,0,0
2020-12-31->2021-03-31,2020-12-31,2021-03-31,2021-05-17,2021-05-18,COMMUNICATION SERVICES,ENTERTAINMENT,0.00000000,0.06885684,0.06885684,1,0,0,0
2020-12-31->2021-03-31,2020-12-31,2021-03-31,2021-05-17,2021-05-18,CONSUMER CYCLICAL,INTERNET RETAIL,0.00000000,0.00912791,0.00912791,1,0,0,0
2020-12-31->2021-03-31,2020-12-31,2021-03-31,2021-05-17,2021-05-18,CONSUMER CYCLICAL,TRAVEL SERVICES,0.00000000,0.08733354,0.08733354,1,0,0,0
2020-12-31->2021-03-31,2020-12-31,2021-03-31,2021-05-17,2021-05-18,FINANCIAL SERVICES,SHELL COMPANIES,0.00000000,0.00489897,0.00489897,1,0,0,0
2020-12-31->2021-03-31,2020-12-31,2021-03-31,2021-05-17,2021-05-18,HEALTHCARE,HEALTHCARE PLANS,0.00000000,0.01841364,0.01841364,1,0,0,0
2020-12-31->2021-03-31,2020-12-31,2021-03-31,2021-05-17,2021-05-18,TECHNOLOGY,SOFTWARE - APPLICATION,0.00000000,0.27512026,0.27512026,2,0,0,0
2020-12-31->2021-03-31,2020-12-31,2021-03-31,2021-05-17,2021-05-18,UTILITIES,SECTOR ETF - UTILITIES,0.00000000,0.13675389,0.13675389,1,0,0,0
2021-03-31->2021-06-30,2021-03-31,2021-06-30,2021-08-16,2021-08-17,BASIC MATERIALS,GOLD,0.00915160,0.00811029,-0.00104131,0,0,0,0
2021-03-31->2021-06-30,2021-03-31,2021-06-30,2021-08-16,2021-08-17,COMMUNICATION SERVICES,ELECTRONIC GAMING & MULTIMEDIA,0.39034336,0.41764780,0.02730444,0,0,1,0
2021-03-31->2021-06-30,2021-03-31,2021-06-30,2021-08-16,2021-08-17,COMMUNICATION SERVICES,ENTERTAINMENT,0.06885684,0.06905341,0.00019657,0,0,0,0
2021-03-31->2021-06-30,2021-03-31,2021-06-30,2021-08-16,2021-08-17,CONSUMER CYCLICAL,INTERNET RETAIL,0.00912791,0.00749686,-0.00163105,0,0,0,0
2021-03-31->2021-06-30,2021-03-31,2021-06-30,2021-08-16,2021-08-17,CONSUMER CYCLICAL,TRAVEL SERVICES,0.08733354,0.08406896,-0.00326458,0,0,0,0
2021-03-31->2021-06-30,2021-03-31,2021-06-30,2021-08-16,2021-08-17,FINANCIAL SERVICES,SHELL COMPANIES,0.00489897,0.00462099,-0.00027798,0,0,0,0
2021-03-31->2021-06-30,2021-03-31,2021-06-30,2021-08-16,2021-08-17,HEALTHCARE,HEALTHCARE PLANS,0.01841364,0.03061210,0.01219846,0,0,0,0
2021-03-31->2021-06-30,2021-03-31,2021-06-30,2021-08-16,2021-08-17,TECHNOLOGY,SOFTWARE - APPLICATION,0.27512026,0.24752509,-0.02759517,0,0,0,0
2021-03-31->2021-06-30,2021-03-31,2021-06-30,2021-08-16,2021-08-17,UTILITIES,SECTOR ETF - UTILITIES,0.13675389,0.13086450,-0.00588939,0,0,0,0
2021-06-30->2021-09-30,2021-06-30,2021-09-30,2022-10-11,2022-10-12,BASIC MATERIALS,GOLD,0.00811029,0.00000000,-0.00811029,0,1,0,0
2021-06-30->2021-09-30,2021-06-30,2021-09-30,2022-10-11,2022-10-12,BASIC MATERIALS,SPECIALTY CHEMICALS,0.00000000,1.00000000,1.00000000,1,0,0,0
2021-06-30->2021-09-30,2021-06-30,2021-09-30,2022-10-11,2022-10-12,COMMUNICATION SERVICES,ELECTRONIC GAMING & MULTIMEDIA,0.41764780,0.00000000,-0.41764780,0,3,0,0
2021-06-30->2021-09-30,2021-06-30,2021-09-30,2022-10-11,2022-10-12,COMMUNICATION SERVICES,ENTERTAINMENT,0.06905341,0.00000000,-0.06905341,0,1,0,0
2021-06-30->2021-09-30,2021-06-30,2021-09-30,2022-10-11,2022-10-12,CONSUMER CYCLICAL,INTERNET RETAIL,0.00749686,0.00000000,-0.00749686,0,1,0,0
2021-06-30->2021-09-30,2021-06-30,2021-09-30,2022-10-11,2022-10-12,CONSUMER CYCLICAL,TRAVEL SERVICES,0.08406896,0.00000000,-0.08406896,0,1,0,0
2021-06-30->2021-09-30,2021-06-30,2021-09-30,2022-10-11,2022-10-12,FINANCIAL SERVICES,SHELL COMPANIES,0.00462099,0.00000000,-0.00462099,0,1,0,0
2021-06-30->2021-09-30,2021-06-30,2021-09-30,2022-10-11,2022-10-12,HEALTHCARE,HEALTHCARE PLANS,0.03061210,0.00000000,-0.03061210,0,1,0,0
2021-06-30->2021-09-30,2021-06-30,2021-09-30,2022-10-11,2022-10-12,TECHNOLOGY,SOFTWARE - APPLICATION,0.24752509,0.00000000,-0.24752509,0,2,0,0
2021-06-30->2021-09-30,2021-06-30,2021-09-30,2022-10-11,2022-10-12,UTILITIES,SECTOR ETF - UTILITIES,0.13086450,0.00000000,-0.13086450,0,1,0,0
2021-09-30->2021-12-31,2021-09-30,2021-12-31,2022-10-11,2022-10-12,BASIC MATERIALS,SPECIALTY CHEMICALS,1.00000000,1.00000000,0.00000000,0,0,0,0
2021-12-31->2022-03-31,2021-12-31,2022-03-31,2022-12-22,2022-12-23,BASIC MATERIALS,GOLD,0.00000000,0.00284328,0.00284328,1,0,0,0
2021-12-31->2022-03-31,2021-12-31,2022-03-31,2022-12-22,2022-12-23,BASIC MATERIALS,PACKAGING & CONTAINERS,0.00000000,0.00336517,0.00336517,1,0,0,0
2021-12-31->2022-03-31,2021-12-31,2022-03-31,2022-12-22,2022-12-23,BASIC MATERIALS,SPECIALTY CHEMICALS,1.00000000,0.01294111,-0.98705889,1,0,0,0
2021-12-31->2022-03-31,2021-12-31,2022-03-31,2022-12-22,2022-12-23,COMMUNICATION SERVICES,ELECTRONIC GAMING & MULTIMEDIA,0.00000000,0.15012275,0.15012275,3,0,0,0
2021-12-31->2022-03-31,2021-12-31,2022-03-31,2022-12-22,2022-12-23,COMMUNICATION SERVICES,ENTERTAINMENT,0.00000000,0.03369177,0.03369177,1,0,0,0
2021-12-31->2022-03-31,2021-12-31,2022-03-31,2022-12-22,2022-12-23,COMMUNICATION SERVICES,INTERNET CONTENT & INFORMATION,0.00000000,0.00439489,0.00439489,2,0,0,0
2021-12-31->2022-03-31,2021-12-31,2022-03-31,2022-12-22,2022-12-23,CONSUMER CYCLICAL,AUTO MANUFACTURERS,0.00000000,0.58777139,0.58777139,1,0,0,0
2021-12-31->2022-03-31,2021-12-31,2022-03-31,2022-12-22,2022-12-23,CONSUMER CYCLICAL,INTERNET RETAIL,0.00000000,0.00783474,0.00783474,7,0,0,0
2021-12-31->2022-03-31,2021-12-31,2022-03-31,2022-12-22,2022-12-23,CONSUMER CYCLICAL,TRAVEL SERVICES,0.00000000,0.02342662,0.02342662,1,0,0,0
2021-12-31->2022-03-31,2021-12-31,2022-03-31,2022-12-22,2022-12-23,CONSUMER DEFENSIVE,DISCOUNT STORES,0.00000000,0.00268232,0.00268232,1,0,0,0
2021-12-31->2022-03-31,2021-12-31,2022-03-31,2022-12-22,2022-12-23,FINANCIAL SERVICES,CREDIT SERVICES,0.00000000,0.00962339,0.00962339,2,0,0,0
2021-12-31->2022-03-31,2021-12-31,2022-03-31,2022-12-22,2022-12-23,FINANCIAL SERVICES,SHELL COMPANIES,0.00000000,0.00169238,0.00169238,1,0,0,0
2021-12-31->2022-03-31,2021-12-31,2022-03-31,2022-12-22,2022-12-23,HEALTHCARE,BIOTECHNOLOGY,0.00000000,0.00136564,0.00136564,1,0,0,0
2021-12-31->2022-03-31,2021-12-31,2022-03-31,2022-12-22,2022-12-23,HEALTHCARE,HEALTH INFORMATION SERVICES,0.00000000,0.00313968,0.00313968,1,0,0,0
2021-12-31->2022-03-31,2021-12-31,2022-03-31,2022-12-22,2022-12-23,HEALTHCARE,HEALTHCARE PLANS,0.00000000,0.00546689,0.00546689,1,0,0,0
2021-12-31->2022-03-31,2021-12-31,2022-03-31,2022-12-22,2022-12-23,INDUSTRIALS,ELECTRICAL EQUIPMENT & PARTS,0.00000000,0.00627417,0.00627417,2,0,0,0
2021-12-31->2022-03-31,2021-12-31,2022-03-31,2022-12-22,2022-12-23,INDUSTRIALS,INTEGRATED FREIGHT & LOGISTICS,0.00000000,0.00594611,0.00594611,1,0,0,0
2021-12-31->2022-03-31,2021-12-31,2022-03-31,2022-12-22,2022-12-23,INDUSTRIALS,SPECIALTY INDUSTRIAL MACHINERY,0.00000000,0.00958658,0.00958658,2,0,0,0
2021-12-31->2022-03-31,2021-12-31,2022-03-31,2022-12-22,2022-12-23,REAL ESTATE,REIT - INDUSTRIAL,0.00000000,0.00299869,0.00299869,1,0,0,0
2021-12-31->2022-03-31,2021-12-31,2022-03-31,2022-12-22,2022-12-23,TECHNOLOGY,SOFTWARE - APPLICATION,0.00000000,0.06884893,0.06884893,3,0,0,0
2021-12-31->2022-03-31,2021-12-31,2022-03-31,2022-12-22,2022-12-23,UTILITIES,SECTOR ETF - UTILITIES,0.00000000,0.05598349,0.05598349,1,0,0,0
2022-03-31->2022-06-30,2022-03-31,2022-06-30,2022-12-22,2022-12-23,BASIC MATERIALS,COPPER,0.00000000,0.00917682,0.00917682,1,0,0,0
2022-03-31->2022-06-30,2022-03-31,2022-06-30,2022-12-22,2022-12-23,BASIC MATERIALS,GOLD,0.00284328,0.00188784,-0.00095544,0,0,0,0
2022-03-31->2022-06-30,2022-03-31,2022-06-30,2022-12-22,2022-12-23,BASIC MATERIALS,PACKAGING & CONTAINERS,0.00336517,0.00334102,-0.00002415,0,0,0,0
2022-03-31->2022-06-30,2022-03-31,2022-06-30,2022-12-22,2022-12-23,BASIC MATERIALS,SPECIALTY CHEMICALS,0.01294111,0.02415604,0.01121493,0,0,1,0
2022-03-31->2022-06-30,2022-03-31,2022-06-30,2022-12-22,2022-12-23,COMMUNICATION SERVICES,ELECTRONIC GAMING & MULTIMEDIA,0.15012275,0.15310157,0.00297882,0,0,1,0
2022-03-31->2022-06-30,2022-03-31,2022-06-30,2022-12-22,2022-12-23,COMMUNICATION SERVICES,ENTERTAINMENT,0.03369177,0.02523621,-0.00845556,0,0,0,0
2022-03-31->2022-06-30,2022-03-31,2022-06-30,2022-12-22,2022-12-23,COMMUNICATION SERVICES,INTERNET CONTENT & INFORMATION,0.00439489,0.02461189,0.02021700,1,0,1,0
2022-03-31->2022-06-30,2022-03-31,2022-06-30,2022-12-22,2022-12-23,CONSUMER CYCLICAL,AUTO MANUFACTURERS,0.58777139,0.42371369,-0.16405770,0,0,0,0
2022-03-31->2022-06-30,2022-03-31,2022-06-30,2022-12-22,2022-12-23,CONSUMER CYCLICAL,HOME IMPROVEMENT RETAIL,0.00000000,0.01095286,0.01095286,1,0,0,0
2022-03-31->2022-06-30,2022-03-31,2022-06-30,2022-12-22,2022-12-23,CONSUMER CYCLICAL,INTERNET RETAIL,0.00783474,0.01832739,0.01049265,1,1,0,0
2022-03-31->2022-06-30,2022-03-31,2022-06-30,2022-12-22,2022-12-23,CONSUMER CYCLICAL,RESTAURANTS,0.00000000,0.01172935,0.01172935,1,0,0,0
2022-03-31->2022-06-30,2022-03-31,2022-06-30,2022-12-22,2022-12-23,CONSUMER CYCLICAL,TRAVEL SERVICES,0.02342662,0.01977440,-0.00365222,1,0,0,0
2022-03-31->2022-06-30,2022-03-31,2022-06-30,2022-12-22,2022-12-23,CONSUMER DEFENSIVE,DISCOUNT STORES,0.00268232,0.01441960,0.01173728,1,0,0,0
2022-03-31->2022-06-30,2022-03-31,2022-06-30,2022-12-22,2022-12-23,FINANCIAL SERVICES,ASSET MANAGEMENT,0.00000000,0.01098630,0.01098630,1,0,0,0
2022-03-31->2022-06-30,2022-03-31,2022-06-30,2022-12-22,2022-12-23,FINANCIAL SERVICES,BANKS - DIVERSIFIED,0.00000000,0.01054721,0.01054721,1,0,0,0
2022-03-31->2022-06-30,2022-03-31,2022-06-30,2022-12-22,2022-12-23,FINANCIAL SERVICES,CREDIT SERVICES,0.00962339,0.01726274,0.00763935,0,0,1,1
2022-03-31->2022-06-30,2022-03-31,2022-06-30,2022-12-22,2022-12-23,FINANCIAL SERVICES,SHELL COMPANIES,0.00169238,0.00179671,0.00010433,0,0,0,0
2022-03-31->2022-06-30,2022-03-31,2022-06-30,2022-12-22,2022-12-23,HEALTHCARE,BIOTECHNOLOGY,0.00136564,0.00125051,-0.00011513,0,0,0,0
2022-03-31->2022-06-30,2022-03-31,2022-06-30,2022-12-22,2022-12-23,HEALTHCARE,HEALTH INFORMATION SERVICES,0.00313968,0.00084211,-0.00229757,0,0,0,0
2022-03-31->2022-06-30,2022-03-31,2022-06-30,2022-12-22,2022-12-23,HEALTHCARE,HEALTHCARE PLANS,0.00546689,0.00684303,0.00137614,0,0,0,0
2022-03-31->2022-06-30,2022-03-31,2022-06-30,2022-12-22,2022-12-23,INDUSTRIALS,ELECTRICAL EQUIPMENT & PARTS,0.00627417,0.00377313,-0.00250104,0,0,0,0
2022-03-31->2022-06-30,2022-03-31,2022-06-30,2022-12-22,2022-12-23,INDUSTRIALS,INTEGRATED FREIGHT & LOGISTICS,0.00594611,0.00621642,0.00027031,0,0,0,0
2022-03-31->2022-06-30,2022-03-31,2022-06-30,2022-12-22,2022-12-23,INDUSTRIALS,SPECIALTY INDUSTRIAL MACHINERY,0.00958658,0.00904814,-0.00053844,0,0,0,0
2022-03-31->2022-06-30,2022-03-31,2022-06-30,2022-12-22,2022-12-23,REAL ESTATE,REIT - INDUSTRIAL,0.00299869,0.00233121,-0.00066748,0,0,0,0
2022-03-31->2022-06-30,2022-03-31,2022-06-30,2022-12-22,2022-12-23,REAL ESTATE,REIT - SPECIALTY,0.00000000,0.01176725,0.01176725,1,0,0,0
2022-03-31->2022-06-30,2022-03-31,2022-06-30,2022-12-22,2022-12-23,TECHNOLOGY,SEMICONDUCTORS,0.00000000,0.00874502,0.00874502,1,0,0,0
2022-03-31->2022-06-30,2022-03-31,2022-06-30,2022-12-22,2022-12-23,TECHNOLOGY,SOFTWARE - APPLICATION,0.06884893,0.08837428,0.01952535,4,0,1,0
2022-03-31->2022-06-30,2022-03-31,2022-06-30,2022-12-22,2022-12-23,TECHNOLOGY,SOFTWARE - INFRASTRUCTURE,0.00000000,0.01152773,0.01152773,1,0,0,0
2022-03-31->2022-06-30,2022-03-31,2022-06-30,2022-12-22,2022-12-23,UTILITIES,SECTOR ETF - UTILITIES,0.05598349,0.05626280,0.00027931,0,0,0,0
2022-03-31->2022-06-30,2022-03-31,2022-06-30,2022-12-22,2022-12-23,UTILITIES,UTILITIES - REGULATED ELECTRIC,0.00000000,0.01199671,0.01199671,1,0,0,0
2022-06-30->2022-09-30,2022-06-30,2022-09-30,2022-11-14,2022-11-15,BASIC MATERIALS,COPPER,0.00917682,0.00958346,0.00040664,0,0,0,0
2022-06-30->2022-09-30,2022-06-30,2022-09-30,2022-11-14,2022-11-15,BASIC MATERIALS,GOLD,0.00188784,0.00205807,0.00017023,0,0,0,0
2022-06-30->2022-09-30,2022-06-30,2022-09-30,2022-11-14,2022-11-15,BASIC MATERIALS,PACKAGING & CONTAINERS,0.00334102,0.00375460,0.00041358,0,0,0,0
2022-06-30->2022-09-30,2022-06-30,2022-09-30,2022-11-14,2022-11-15,BASIC MATERIALS,SPECIALTY CHEMICALS,0.02415604,0.02585246,0.00169642,0,0,0,0
2022-06-30->2022-09-30,2022-06-30,2022-09-30,2022-11-14,2022-11-15,COMMUNICATION SERVICES,ELECTRONIC GAMING & MULTIMEDIA,0.15310157,0.16076582,0.00766425,0,0,0,0
2022-06-30->2022-09-30,2022-06-30,2022-09-30,2022-11-14,2022-11-15,COMMUNICATION SERVICES,ENTERTAINMENT,0.02523621,0.02598100,0.00074479,0,0,0,0
2022-06-30->2022-09-30,2022-06-30,2022-09-30,2022-11-14,2022-11-15,COMMUNICATION SERVICES,INTERNET CONTENT & INFORMATION,0.02461189,0.02568262,0.00107073,0,0,2,0
2022-06-30->2022-09-30,2022-06-30,2022-09-30,2022-11-14,2022-11-15,CONSUMER CYCLICAL,AUTO MANUFACTURERS,0.42371369,0.38567024,-0.03804345,0,0,0,0
2022-06-30->2022-09-30,2022-06-30,2022-09-30,2022-11-14,2022-11-15,CONSUMER CYCLICAL,HOME IMPROVEMENT RETAIL,0.01095286,0.01232050,0.00136764,0,0,0,0
2022-06-30->2022-09-30,2022-06-30,2022-09-30,2022-11-14,2022-11-15,CONSUMER CYCLICAL,INTERNET RETAIL,0.01832739,0.02048299,0.00215560,1,1,0,0
2022-06-30->2022-09-30,2022-06-30,2022-09-30,2022-11-14,2022-11-15,CONSUMER CYCLICAL,RESTAURANTS,0.01172935,0.01446518,0.00273583,0,0,0,0
2022-06-30->2022-09-30,2022-06-30,2022-09-30,2022-11-14,2022-11-15,CONSUMER CYCLICAL,TRAVEL SERVICES,0.01977440,0.01925567,-0.00051873,0,0,0,0
2022-06-30->2022-09-30,2022-06-30,2022-09-30,2022-11-14,2022-11-15,CONSUMER DEFENSIVE,DISCOUNT STORES,0.01441960,0.01609886,0.00167926,0,0,0,0
2022-06-30->2022-09-30,2022-06-30,2022-09-30,2022-11-14,2022-11-15,FINANCIAL SERVICES,ASSET MANAGEMENT,0.01098630,0.01109823,0.00011193,0,0,0,0
2022-06-30->2022-09-30,2022-06-30,2022-09-30,2022-11-14,2022-11-15,FINANCIAL SERVICES,BANKS - DIVERSIFIED,0.01054721,0.01094313,0.00039592,0,0,0,0
2022-06-30->2022-09-30,2022-06-30,2022-09-30,2022-11-14,2022-11-15,FINANCIAL SERVICES,CREDIT SERVICES,0.01726274,0.02183967,0.00457693,0,0,0,0
2022-06-30->2022-09-30,2022-06-30,2022-09-30,2022-11-14,2022-11-15,FINANCIAL SERVICES,SHELL COMPANIES,0.00179671,0.00201090,0.00021419,0,0,0,0
2022-06-30->2022-09-30,2022-06-30,2022-09-30,2022-11-14,2022-11-15,HEALTHCARE,BIOTECHNOLOGY,0.00125051,0.00116465,-0.00008586,0,0,0,0
2022-06-30->2022-09-30,2022-06-30,2022-09-30,2022-11-14,2022-11-15,HEALTHCARE,HEALTH INFORMATION SERVICES,0.00084211,0.00045479,-0.00038732,0,0,0,0
2022-06-30->2022-09-30,2022-06-30,2022-09-30,2022-11-14,2022-11-15,HEALTHCARE,HEALTHCARE PLANS,0.00684303,0.00398571,-0.00285732,0,0,0,0
2022-06-30->2022-09-30,2022-06-30,2022-09-30,2022-11-14,2022-11-15,INDUSTRIALS,ELECTRICAL EQUIPMENT & PARTS,0.00377313,0.00485575,0.00108262,0,0,0,0
2022-06-30->2022-09-30,2022-06-30,2022-09-30,2022-11-14,2022-11-15,INDUSTRIALS,INTEGRATED FREIGHT & LOGISTICS,0.00621642,0.00455169,-0.00166473,0,0,0,0
2022-06-30->2022-09-30,2022-06-30,2022-09-30,2022-11-14,2022-11-15,INDUSTRIALS,SPECIALTY INDUSTRIAL MACHINERY,0.00904814,0.00996268,0.00091454,0,1,0,0
2022-06-30->2022-09-30,2022-06-30,2022-09-30,2022-11-14,2022-11-15,REAL ESTATE,REIT - INDUSTRIAL,0.00233121,0.00225087,-0.00008034,0,0,0,0
2022-06-30->2022-09-30,2022-06-30,2022-09-30,2022-11-14,2022-11-15,REAL ESTATE,REIT - SPECIALTY,0.01176725,0.01105168,-0.00071557,0,0,0,0
2022-06-30->2022-09-30,2022-06-30,2022-09-30,2022-11-14,2022-11-15,TECHNOLOGY,SEMICONDUCTORS,0.00874502,0.00810121,-0.00064381,0,0,0,0
2022-06-30->2022-09-30,2022-06-30,2022-09-30,2022-11-14,2022-11-15,TECHNOLOGY,SOFTWARE - APPLICATION,0.08837428,0.10173122,0.01335694,0,0,0,0
2022-06-30->2022-09-30,2022-06-30,2022-09-30,2022-11-14,2022-11-15,TECHNOLOGY,SOFTWARE - INFRASTRUCTURE,0.01152773,0.01168779,0.00016006,0,0,0,0
2022-06-30->2022-09-30,2022-06-30,2022-09-30,2022-11-14,2022-11-15,UTILITIES,SECTOR ETF - UTILITIES,0.05626280,0.05876105,0.00249825,0,0,0,0
2022-06-30->2022-09-30,2022-06-30,2022-09-30,2022-11-14,2022-11-15,UTILITIES,UTILITIES - REGULATED ELECTRIC,0.01199671,0.01357751,0.00158080,0,0,0,0
2022-09-30->2022-12-31,2022-09-30,2022-12-31,2023-02-14,2023-02-15,BASIC MATERIALS,COPPER,0.00958346,0.01585952,0.00627606,0,0,0,0
2022-09-30->2022-12-31,2022-09-30,2022-12-31,2023-02-14,2023-02-15,BASIC MATERIALS,GOLD,0.00205807,0.00312329,0.00106522,0,0,0,0
2022-09-30->2022-12-31,2022-09-30,2022-12-31,2023-02-14,2023-02-15,BASIC MATERIALS,PACKAGING & CONTAINERS,0.00375460,0.00497142,0.00121682,0,0,0,0
2022-09-30->2022-12-31,2022-09-30,2022-12-31,2023-02-14,2023-02-15,BASIC MATERIALS,SPECIALTY CHEMICALS,0.02585246,0.03954736,0.01369490,0,0,0,0
2022-09-30->2022-12-31,2022-09-30,2022-12-31,2023-02-14,2023-02-15,COMMUNICATION SERVICES,ELECTRONIC GAMING & MULTIMEDIA,0.16076582,0.19570465,0.03493883,0,0,1,0
2022-09-30->2022-12-31,2022-09-30,2022-12-31,2023-02-14,2023-02-15,COMMUNICATION SERVICES,ENTERTAINMENT,0.02598100,0.02836088,0.00237988,0,0,0,0
2022-09-30->2022-12-31,2022-09-30,2022-12-31,2023-02-14,2023-02-15,COMMUNICATION SERVICES,INTERNET CONTENT & INFORMATION,0.02568262,0.02805372,0.00237110,0,0,0,0
2022-09-30->2022-12-31,2022-09-30,2022-12-31,2023-02-14,2023-02-15,CONSUMER CYCLICAL,AUTO MANUFACTURERS,0.38567024,0.24514573,-0.14052451,0,0,1,0
2022-09-30->2022-12-31,2022-09-30,2022-12-31,2023-02-14,2023-02-15,CONSUMER CYCLICAL,HOME IMPROVEMENT RETAIL,0.01232050,0.01678542,0.00446492,0,0,0,0
2022-09-30->2022-12-31,2022-09-30,2022-12-31,2023-02-14,2023-02-15,CONSUMER CYCLICAL,INTERNET RETAIL,0.02048299,0.02095421,0.00047122,0,0,0,1
2022-09-30->2022-12-31,2022-09-30,2022-12-31,2023-02-14,2023-02-15,CONSUMER CYCLICAL,RESTAURANTS,0.01446518,0.02026925,0.00580407,0,0,0,0
2022-09-30->2022-12-31,2022-09-30,2022-12-31,2023-02-14,2023-02-15,CONSUMER CYCLICAL,TRAVEL SERVICES,0.01925567,0.02718347,0.00792780,0,0,0,0
2022-09-30->2022-12-31,2022-09-30,2022-12-31,2023-02-14,2023-02-15,CONSUMER DEFENSIVE,DISCOUNT STORES,0.01609886,0.01894118,0.00284232,0,0,0,0
2022-09-30->2022-12-31,2022-09-30,2022-12-31,2023-02-14,2023-02-15,FINANCIAL SERVICES,ASSET MANAGEMENT,0.01109823,0.01701035,0.00591212,0,0,0,0
2022-09-30->2022-12-31,2022-09-30,2022-12-31,2023-02-14,2023-02-15,FINANCIAL SERVICES,BANKS - DIVERSIFIED,0.01094313,0.01671390,0.00577077,0,0,0,0
2022-09-30->2022-12-31,2022-09-30,2022-12-31,2023-02-14,2023-02-15,FINANCIAL SERVICES,CREDIT SERVICES,0.02183967,0.02367464,0.00183497,0,0,0,0
2022-09-30->2022-12-31,2022-09-30,2022-12-31,2023-02-14,2023-02-15,FINANCIAL SERVICES,SHELL COMPANIES,0.00201090,0.00000000,-0.00201090,0,1,0,0
2022-09-30->2022-12-31,2022-09-30,2022-12-31,2023-02-14,2023-02-15,HEALTHCARE,BIOTECHNOLOGY,0.00116465,0.00226136,0.00109671,0,0,0,0
2022-09-30->2022-12-31,2022-09-30,2022-12-31,2023-02-14,2023-02-15,HEALTHCARE,HEALTH INFORMATION SERVICES,0.00045479,0.00066211,0.00020732,1,1,0,0
2022-09-30->2022-12-31,2022-09-30,2022-12-31,2023-02-14,2023-02-15,HEALTHCARE,HEALTHCARE PLANS,0.00398571,0.00190749,-0.00207822,0,0,0,0
2022-09-30->2022-12-31,2022-09-30,2022-12-31,2023-02-14,2023-02-15,INDUSTRIALS,ELECTRICAL EQUIPMENT & PARTS,0.00485575,0.00377564,-0.00108011,0,0,0,0
2022-09-30->2022-12-31,2022-09-30,2022-12-31,2023-02-14,2023-02-15,INDUSTRIALS,INTEGRATED FREIGHT & LOGISTICS,0.00455169,0.00631983,0.00176814,0,0,0,0
2022-09-30->2022-12-31,2022-09-30,2022-12-31,2023-02-14,2023-02-15,INDUSTRIALS,SPECIALTY INDUSTRIAL MACHINERY,0.00996268,0.01411725,0.00415457,0,0,0,0
2022-09-30->2022-12-31,2022-09-30,2022-12-31,2023-02-14,2023-02-15,REAL ESTATE,REIT - INDUSTRIAL,0.00225087,0.00297248,0.00072161,0,0,0,0
2022-09-30->2022-12-31,2022-09-30,2022-12-31,2023-02-14,2023-02-15,REAL ESTATE,REIT - SPECIALTY,0.01105168,0.01297982,0.00192814,0,0,0,0
2022-09-30->2022-12-31,2022-09-30,2022-12-31,2023-02-14,2023-02-15,TECHNOLOGY,SEMICONDUCTORS,0.00810121,0.00985670,0.00175549,0,0,0,0
2022-09-30->2022-12-31,2022-09-30,2022-12-31,2023-02-14,2023-02-15,TECHNOLOGY,SOFTWARE - APPLICATION,0.10173122,0.11602902,0.01429780,0,0,0,0
2022-09-30->2022-12-31,2022-09-30,2022-12-31,2023-02-14,2023-02-15,TECHNOLOGY,SOFTWARE - INFRASTRUCTURE,0.01168779,0.01432424,0.00263645,0,0,0,0
2022-09-30->2022-12-31,2022-09-30,2022-12-31,2023-02-14,2023-02-15,UTILITIES,SECTOR ETF - UTILITIES,0.05876105,0.07526532,0.01650427,0,0,0,0
2022-09-30->2022-12-31,2022-09-30,2022-12-31,2023-02-14,2023-02-15,UTILITIES,UTILITIES - REGULATED ELECTRIC,0.01357751,0.01722976,0.00365225,0,0,0,0
2022-12-31->2023-03-31,2022-12-31,2023-03-31,2023-05-15,2023-05-16,BASIC MATERIALS,COPPER,0.01585952,0.01485402,-0.00100550,0,0,0,0
2022-12-31->2023-03-31,2022-12-31,2023-03-31,2023-05-15,2023-05-16,BASIC MATERIALS,GOLD,0.00312329,0.00282624,-0.00029705,0,0,0,0
2022-12-31->2023-03-31,2022-12-31,2023-03-31,2023-05-15,2023-05-16,BASIC MATERIALS,PACKAGING & CONTAINERS,0.00497142,0.00427556,-0.00069586,0,0,0,0
2022-12-31->2023-03-31,2022-12-31,2023-03-31,2023-05-15,2023-05-16,BASIC MATERIALS,SPECIALTY CHEMICALS,0.03954736,0.03395057,-0.00559679,1,1,1,0
2022-12-31->2023-03-31,2022-12-31,2023-03-31,2023-05-15,2023-05-16,COMMUNICATION SERVICES,ELECTRONIC GAMING & MULTIMEDIA,0.19570465,0.21383481,0.01813016,0,0,1,0
2022-12-31->2023-03-31,2022-12-31,2023-03-31,2023-05-15,2023-05-16,COMMUNICATION SERVICES,ENTERTAINMENT,0.02836088,0.02476531,-0.00359557,0,0,0,0
2022-12-31->2023-03-31,2022-12-31,2023-03-31,2023-05-15,2023-05-16,COMMUNICATION SERVICES,INTERNET CONTENT & INFORMATION,0.02805372,0.03501971,0.00696599,0,0,0,0
2022-12-31->2023-03-31,2022-12-31,2023-03-31,2023-05-15,2023-05-16,CONSUMER CYCLICAL,AUTO MANUFACTURERS,0.24514573,0.25105424,0.00590851,0,0,0,0
2022-12-31->2023-03-31,2022-12-31,2023-03-31,2023-05-15,2023-05-16,CONSUMER CYCLICAL,HOME IMPROVEMENT RETAIL,0.01678542,0.01364408,-0.00314134,0,0,0,0
2022-12-31->2023-03-31,2022-12-31,2023-03-31,2023-05-15,2023-05-16,CONSUMER CYCLICAL,INTERNET RETAIL,0.02095421,0.02127033,0.00031612,1,2,1,0
2022-12-31->2023-03-31,2022-12-31,2023-03-31,2023-05-15,2023-05-16,CONSUMER CYCLICAL,RESTAURANTS,0.02026925,0.01851014,-0.00175911,0,0,0,0
2022-12-31->2023-03-31,2022-12-31,2023-03-31,2023-05-15,2023-05-16,CONSUMER CYCLICAL,TRAVEL SERVICES,0.02718347,0.03046989,0.00328642,0,0,0,0
2022-12-31->2023-03-31,2022-12-31,2023-03-31,2023-05-15,2023-05-16,CONSUMER DEFENSIVE,DISCOUNT STORES,0.01894118,0.01778258,-0.00115860,0,0,0,0
2022-12-31->2023-03-31,2022-12-31,2023-03-31,2023-05-15,2023-05-16,FINANCIAL SERVICES,ASSET MANAGEMENT,0.01701035,0.01397351,-0.00303684,0,0,0,0
2022-12-31->2023-03-31,2022-12-31,2023-03-31,2023-05-15,2023-05-16,FINANCIAL SERVICES,BANKS - DIVERSIFIED,0.01671390,0.01412975,-0.00258415,0,0,0,0
2022-12-31->2023-03-31,2022-12-31,2023-03-31,2023-05-15,2023-05-16,FINANCIAL SERVICES,CREDIT SERVICES,0.02367464,0.02209170,-0.00158294,0,0,1,1
2022-12-31->2023-03-31,2022-12-31,2023-03-31,2023-05-15,2023-05-16,HEALTHCARE,BIOTECHNOLOGY,0.00226136,0.00192789,-0.00033347,0,0,0,0
2022-12-31->2023-03-31,2022-12-31,2023-03-31,2023-05-15,2023-05-16,HEALTHCARE,HEALTH INFORMATION SERVICES,0.00066211,0.00043436,-0.00022775,0,0,0,0
2022-12-31->2023-03-31,2022-12-31,2023-03-31,2023-05-15,2023-05-16,HEALTHCARE,HEALTHCARE PLANS,0.00190749,0.00152960,-0.00037789,0,0,0,0
2022-12-31->2023-03-31,2022-12-31,2023-03-31,2023-05-15,2023-05-16,INDUSTRIALS,ELECTRICAL EQUIPMENT & PARTS,0.00377564,0.00357568,-0.00019996,1,0,0,1
2022-12-31->2023-03-31,2022-12-31,2023-03-31,2023-05-15,2023-05-16,INDUSTRIALS,INTEGRATED FREIGHT & LOGISTICS,0.00631983,0.00725325,0.00093342,0,0,0,0
2022-12-31->2023-03-31,2022-12-31,2023-03-31,2023-05-15,2023-05-16,INDUSTRIALS,SPECIALTY INDUSTRIAL MACHINERY,0.01411725,0.01210883,-0.00200842,0,0,0,0
2022-12-31->2023-03-31,2022-12-31,2023-03-31,2023-05-15,2023-05-16,REAL ESTATE,REIT - INDUSTRIAL,0.00297248,0.00286219,-0.00011029,0,0,0,0
2022-12-31->2023-03-31,2022-12-31,2023-03-31,2023-05-15,2023-05-16,REAL ESTATE,REIT - SPECIALTY,0.01297982,0.01089133,-0.00208849,0,0,0,0
2022-12-31->2023-03-31,2022-12-31,2023-03-31,2023-05-15,2023-05-16,TECHNOLOGY,SEMICONDUCTORS,0.00985670,0.01297585,0.00311915,0,0,0,0
2022-12-31->2023-03-31,2022-12-31,2023-03-31,2023-05-15,2023-05-16,TECHNOLOGY,SOFTWARE - APPLICATION,0.11602902,0.12231798,0.00628896,0,0,0,0
2022-12-31->2023-03-31,2022-12-31,2023-03-31,2023-05-15,2023-05-16,TECHNOLOGY,SOFTWARE - INFRASTRUCTURE,0.01432424,0.01498093,0.00065669,0,0,0,0
2022-12-31->2023-03-31,2022-12-31,2023-03-31,2023-05-15,2023-05-16,UTILITIES,SECTOR ETF - UTILITIES,0.07526532,0.06286924,-0.01239608,0,0,0,0
2022-12-31->2023-03-31,2022-12-31,2023-03-31,2023-05-15,2023-05-16,UTILITIES,UTILITIES - REGULATED ELECTRIC,0.01722976,0.01382046,-0.00340930,0,0,0,0
2023-03-31->2023-06-30,2023-03-31,2023-06-30,2023-08-14,2023-08-15,BASIC MATERIALS,COPPER,0.01485402,0.01325082,-0.00160320,0,0,0,0
2023-03-31->2023-06-30,2023-03-31,2023-06-30,2023-08-14,2023-08-15,BASIC MATERIALS,GOLD,0.00282624,0.00165409,-0.00117215,0,0,0,0
2023-03-31->2023-06-30,2023-03-31,2023-06-30,2023-08-14,2023-08-15,BASIC MATERIALS,PACKAGING & CONTAINERS,0.00427556,0.00289099,-0.00138457,0,0,0,1
2023-03-31->2023-06-30,2023-03-31,2023-06-30,2023-08-14,2023-08-15,BASIC MATERIALS,SPECIALTY CHEMICALS,0.03395057,0.03297705,-0.00097352,0,0,1,0
2023-03-31->2023-06-30,2023-03-31,2023-06-30,2023-08-14,2023-08-15,COMMUNICATION SERVICES,ELECTRONIC GAMING & MULTIMEDIA,0.21383481,0.20790330,-0.00593151,0,0,0,0
2023-03-31->2023-06-30,2023-03-31,2023-06-30,2023-08-14,2023-08-15,COMMUNICATION SERVICES,ENTERTAINMENT,0.02476531,0.02940898,0.00464367,0,0,0,0
2023-03-31->2023-06-30,2023-03-31,2023-06-30,2023-08-14,2023-08-15,COMMUNICATION SERVICES,INTERNET CONTENT & INFORMATION,0.03501971,0.03999398,0.00497427,0,0,0,0
2023-03-31->2023-06-30,2023-03-31,2023-06-30,2023-08-14,2023-08-15,CONSUMER CYCLICAL,AUTO MANUFACTURERS,0.25105424,0.24331724,-0.00773700,0,0,1,0
2023-03-31->2023-06-30,2023-03-31,2023-06-30,2023-08-14,2023-08-15,CONSUMER CYCLICAL,HOME IMPROVEMENT RETAIL,0.01364408,0.01310301,-0.00054107,0,0,0,0
2023-03-31->2023-06-30,2023-03-31,2023-06-30,2023-08-14,2023-08-15,CONSUMER CYCLICAL,INTERNET RETAIL,0.02127033,0.02170563,0.00043530,0,0,1,0
2023-03-31->2023-06-30,2023-03-31,2023-06-30,2023-08-14,2023-08-15,CONSUMER CYCLICAL,RESTAURANTS,0.01851014,0.01606573,-0.00244441,0,0,0,0
2023-03-31->2023-06-30,2023-03-31,2023-06-30,2023-08-14,2023-08-15,CONSUMER CYCLICAL,TRAVEL SERVICES,0.03046989,0.03939670,0.00892681,0,0,0,0
2023-03-31->2023-06-30,2023-03-31,2023-06-30,2023-08-14,2023-08-15,CONSUMER DEFENSIVE,DISCOUNT STORES,0.01778258,0.01752706,-0.00025552,0,0,0,0
2023-03-31->2023-06-30,2023-03-31,2023-06-30,2023-08-14,2023-08-15,FINANCIAL SERVICES,ASSET MANAGEMENT,0.01397351,0.01316849,-0.00080502,0,0,0,0
2023-03-31->2023-06-30,2023-03-31,2023-06-30,2023-08-14,2023-08-15,FINANCIAL SERVICES,BANKS - DIVERSIFIED,0.01412975,0.01438828,0.00025853,0,0,0,0
2023-03-31->2023-06-30,2023-03-31,2023-06-30,2023-08-14,2023-08-15,FINANCIAL SERVICES,CREDIT SERVICES,0.02209170,0.01867677,-0.00341493,0,0,0,0
2023-03-31->2023-06-30,2023-03-31,2023-06-30,2023-08-14,2023-08-15,HEALTHCARE,BIOTECHNOLOGY,0.00192789,0.00145510,-0.00047279,0,0,0,0
2023-03-31->2023-06-30,2023-03-31,2023-06-30,2023-08-14,2023-08-15,HEALTHCARE,HEALTH INFORMATION SERVICES,0.00043436,0.00000000,-0.00043436,0,1,0,0
2023-03-31->2023-06-30,2023-03-31,2023-06-30,2023-08-14,2023-08-15,HEALTHCARE,HEALTHCARE PLANS,0.00152960,0.00277793,0.00124833,0,0,0,0
2023-03-31->2023-06-30,2023-03-31,2023-06-30,2023-08-14,2023-08-15,INDUSTRIALS,ELECTRICAL EQUIPMENT & PARTS,0.00357568,0.00275133,-0.00082435,0,0,0,0
2023-03-31->2023-06-30,2023-03-31,2023-06-30,2023-08-14,2023-08-15,INDUSTRIALS,INTEGRATED FREIGHT & LOGISTICS,0.00725325,0.00717976,-0.00007349,0,0,0,0
2023-03-31->2023-06-30,2023-03-31,2023-06-30,2023-08-14,2023-08-15,INDUSTRIALS,SPECIALTY INDUSTRIAL MACHINERY,0.01210883,0.01133810,-0.00077073,0,0,0,0
2023-03-31->2023-06-30,2023-03-31,2023-06-30,2023-08-14,2023-08-15,REAL ESTATE,REIT - INDUSTRIAL,0.00286219,0.00256657,-0.00029562,0,0,0,0
2023-03-31->2023-06-30,2023-03-31,2023-06-30,2023-08-14,2023-08-15,REAL ESTATE,REIT - SPECIALTY,0.01089133,0.00943112,-0.00146021,0,0,0,0
2023-03-31->2023-06-30,2023-03-31,2023-06-30,2023-08-14,2023-08-15,TECHNOLOGY,SEMICONDUCTORS,0.01297585,0.01375928,0.00078343,0,0,0,0
2023-03-31->2023-06-30,2023-03-31,2023-06-30,2023-08-14,2023-08-15,TECHNOLOGY,SOFTWARE - APPLICATION,0.12231798,0.13957679,0.01725881,0,0,0,0
2023-03-31->2023-06-30,2023-03-31,2023-06-30,2023-08-14,2023-08-15,TECHNOLOGY,SOFTWARE - INFRASTRUCTURE,0.01498093,0.01614472,0.00116379,0,0,0,0
2023-03-31->2023-06-30,2023-03-31,2023-06-30,2023-08-14,2023-08-15,UTILITIES,SECTOR ETF - UTILITIES,0.06286924,0.05545302,-0.00741622,0,0,0,0
2023-03-31->2023-06-30,2023-03-31,2023-06-30,2023-08-14,2023-08-15,UTILITIES,UTILITIES - REGULATED ELECTRIC,0.01382046,0.01213816,-0.00168230,0,0,0,0
2023-06-30->2023-09-30,2023-06-30,2023-09-30,2023-11-14,2023-11-15,BASIC MATERIALS,COPPER,0.01325082,0.01318356,-0.00006726,0,0,0,0
2023-06-30->2023-09-30,2023-06-30,2023-09-30,2023-11-14,2023-11-15,BASIC MATERIALS,GOLD,0.00165409,0.00169893,0.00004484,0,0,0,0
2023-06-30->2023-09-30,2023-06-30,2023-09-30,2023-11-14,2023-11-15,BASIC MATERIALS,PACKAGING & CONTAINERS,0.00289099,0.00328057,0.00038958,0,0,0,0
2023-06-30->2023-09-30,2023-06-30,2023-09-30,2023-11-14,2023-11-15,BASIC MATERIALS,SPECIALTY CHEMICALS,0.03297705,0.03368948,0.00071243,0,0,0,0
2023-06-30->2023-09-30,2023-06-30,2023-09-30,2023-11-14,2023-11-15,COMMUNICATION SERVICES,ELECTRONIC GAMING & MULTIMEDIA,0.20790330,0.22313339,0.01523009,0,0,0,0
2023-06-30->2023-09-30,2023-06-30,2023-09-30,2023-11-14,2023-11-15,COMMUNICATION SERVICES,ENTERTAINMENT,0.02940898,0.02860612,-0.00080286,0,0,0,0
2023-06-30->2023-09-30,2023-06-30,2023-09-30,2023-11-14,2023-11-15,COMMUNICATION SERVICES,INTERNET CONTENT & INFORMATION,0.03999398,0.04573101,0.00573703,0,0,1,0
2023-06-30->2023-09-30,2023-06-30,2023-09-30,2023-11-14,2023-11-15,CONSUMER CYCLICAL,AUTO MANUFACTURERS,0.24331724,0.21067991,-0.03263733,0,0,0,0
2023-06-30->2023-09-30,2023-06-30,2023-09-30,2023-11-14,2023-11-15,CONSUMER CYCLICAL,HOME IMPROVEMENT RETAIL,0.01310301,0.01360218,0.00049917,0,0,0,0
2023-06-30->2023-09-30,2023-06-30,2023-09-30,2023-11-14,2023-11-15,CONSUMER CYCLICAL,INTERNET RETAIL,0.02170563,0.02459433,0.00288870,0,0,1,0
2023-06-30->2023-09-30,2023-06-30,2023-09-30,2023-11-14,2023-11-15,CONSUMER CYCLICAL,LUXURY GOODS,0.00000000,0.00082522,0.00082522,1,0,0,0
2023-06-30->2023-09-30,2023-06-30,2023-09-30,2023-11-14,2023-11-15,CONSUMER CYCLICAL,RESTAURANTS,0.01606573,0.01579748,-0.00026825,0,0,0,0
2023-06-30->2023-09-30,2023-06-30,2023-09-30,2023-11-14,2023-11-15,CONSUMER CYCLICAL,TRAVEL SERVICES,0.03939670,0.03716933,-0.00222737,0,0,0,0
2023-06-30->2023-09-30,2023-06-30,2023-09-30,2023-11-14,2023-11-15,CONSUMER DEFENSIVE,DISCOUNT STORES,0.01752706,0.01952034,0.00199328,0,0,0,0
2023-06-30->2023-09-30,2023-06-30,2023-09-30,2023-11-14,2023-11-15,FINANCIAL SERVICES,ASSET MANAGEMENT,0.01316849,0.01314587,-0.00002262,0,0,0,0
2023-06-30->2023-09-30,2023-06-30,2023-09-30,2023-11-14,2023-11-15,FINANCIAL SERVICES,BANKS - DIVERSIFIED,0.01438828,0.01531125,0.00092297,0,0,0,0
2023-06-30->2023-09-30,2023-06-30,2023-09-30,2023-11-14,2023-11-15,FINANCIAL SERVICES,CREDIT SERVICES,0.01867677,0.01803705,-0.00063972,0,0,0,0
2023-06-30->2023-09-30,2023-06-30,2023-09-30,2023-11-14,2023-11-15,HEALTHCARE,BIOTECHNOLOGY,0.00145510,0.00174758,0.00029248,0,0,1,0
2023-06-30->2023-09-30,2023-06-30,2023-09-30,2023-11-14,2023-11-15,HEALTHCARE,HEALTHCARE PLANS,0.00277793,0.00236051,-0.00041742,0,0,0,0
2023-06-30->2023-09-30,2023-06-30,2023-09-30,2023-11-14,2023-11-15,INDUSTRIALS,ELECTRICAL EQUIPMENT & PARTS,0.00275133,0.00227878,-0.00047255,0,0,0,0
2023-06-30->2023-09-30,2023-06-30,2023-09-30,2023-11-14,2023-11-15,INDUSTRIALS,INTEGRATED FREIGHT & LOGISTICS,0.00717976,0.00521887,-0.00196089,0,0,0,1
2023-06-30->2023-09-30,2023-06-30,2023-09-30,2023-11-14,2023-11-15,INDUSTRIALS,SPECIALTY INDUSTRIAL MACHINERY,0.01133810,0.01127609,-0.00006201,0,0,0,0
2023-06-30->2023-09-30,2023-06-30,2023-09-30,2023-11-14,2023-11-15,REAL ESTATE,REIT - INDUSTRIAL,0.00256657,0.00355075,0.00098418,0,0,1,0
2023-06-30->2023-09-30,2023-06-30,2023-09-30,2023-11-14,2023-11-15,REAL ESTATE,REIT - SPECIALTY,0.00943112,0.00853468,-0.00089644,0,0,0,0
2023-06-30->2023-09-30,2023-06-30,2023-09-30,2023-11-14,2023-11-15,TECHNOLOGY,SEMICONDUCTORS,0.01375928,0.01325467,-0.00050461,0,0,0,0
2023-06-30->2023-09-30,2023-06-30,2023-09-30,2023-11-14,2023-11-15,TECHNOLOGY,SOFTWARE - APPLICATION,0.13957679,0.15450054,0.01492375,1,1,0,0
2023-06-30->2023-09-30,2023-06-30,2023-09-30,2023-11-14,2023-11-15,TECHNOLOGY,SOFTWARE - INFRASTRUCTURE,0.01614472,0.01597582,-0.00016890,0,0,0,0
2023-06-30->2023-09-30,2023-06-30,2023-09-30,2023-11-14,2023-11-15,UTILITIES,SECTOR ETF - UTILITIES,0.05545302,0.05329372,-0.00215930,0,0,0,0
2023-06-30->2023-09-30,2023-06-30,2023-09-30,2023-11-14,2023-11-15,UTILITIES,UTILITIES - REGULATED ELECTRIC,0.01213816,0.01000197,-0.00213619,0,0,0,0
2023-09-30->2023-12-31,2023-09-30,2023-12-31,2024-02-14,2024-02-15,BASIC MATERIALS,COPPER,0.01318356,0.01557768,0.00239412,0,0,0,0
2023-09-30->2023-12-31,2023-09-30,2023-12-31,2024-02-14,2024-02-15,BASIC MATERIALS,GOLD,0.00169893,0.00171268,0.00001375,0,0,0,0
2023-09-30->2023-12-31,2023-09-30,2023-12-31,2024-02-14,2024-02-15,BASIC MATERIALS,PACKAGING & CONTAINERS,0.00328057,0.00375782,0.00047725,0,0,0,0
2023-09-30->2023-12-31,2023-09-30,2023-12-31,2024-02-14,2024-02-15,BASIC MATERIALS,SPECIALTY CHEMICALS,0.03368948,0.03543678,0.00174730,0,0,0,0
2023-09-30->2023-12-31,2023-09-30,2023-12-31,2024-02-14,2024-02-15,COMMUNICATION SERVICES,ELECTRONIC GAMING & MULTIMEDIA,0.22313339,0.14844332,-0.07469007,0,1,0,0
2023-09-30->2023-12-31,2023-09-30,2023-12-31,2024-02-14,2024-02-15,COMMUNICATION SERVICES,ENTERTAINMENT,0.02860612,0.03337385,0.00476773,0,0,0,0
2023-09-30->2023-12-31,2023-09-30,2023-12-31,2024-02-14,2024-02-15,COMMUNICATION SERVICES,INTERNET CONTENT & INFORMATION,0.04573101,0.05475601,0.00902500,0,0,0,0
2023-09-30->2023-12-31,2023-09-30,2023-12-31,2024-02-14,2024-02-15,CONSUMER CYCLICAL,AUTO MANUFACTURERS,0.21067991,0.16422992,-0.04644999,0,0,0,0
2023-09-30->2023-12-31,2023-09-30,2023-12-31,2024-02-14,2024-02-15,CONSUMER CYCLICAL,HOME IMPROVEMENT RETAIL,0.01360218,0.01614716,0.00254498,0,0,0,0
2023-09-30->2023-12-31,2023-09-30,2023-12-31,2024-02-14,2024-02-15,CONSUMER CYCLICAL,INTERNET RETAIL,0.02459433,0.03008536,0.00549103,0,0,0,0
2023-09-30->2023-12-31,2023-09-30,2023-12-31,2024-02-14,2024-02-15,CONSUMER CYCLICAL,LUXURY GOODS,0.00082522,0.00073174,-0.00009348,0,0,1,0
2023-09-30->2023-12-31,2023-09-30,2023-12-31,2024-02-14,2024-02-15,CONSUMER CYCLICAL,RESTAURANTS,0.01579748,0.01720026,0.00140278,0,0,0,0
2023-09-30->2023-12-31,2023-09-30,2023-12-31,2024-02-14,2024-02-15,CONSUMER CYCLICAL,TRAVEL SERVICES,0.03716933,0.04823074,0.01106141,1,1,0,0
2023-09-30->2023-12-31,2023-09-30,2023-12-31,2024-02-14,2024-02-15,CONSUMER DEFENSIVE,DISCOUNT STORES,0.01952034,0.02295120,0.00343086,0,0,0,0
2023-09-30->2023-12-31,2023-09-30,2023-12-31,2024-02-14,2024-02-15,FINANCIAL SERVICES,ASSET MANAGEMENT,0.01314587,0.01708580,0.00393993,0,0,0,0
2023-09-30->2023-12-31,2023-09-30,2023-12-31,2024-02-14,2024-02-15,FINANCIAL SERVICES,BANKS - DIVERSIFIED,0.01531125,0.01858857,0.00327732,0,0,0,0
2023-09-30->2023-12-31,2023-09-30,2023-12-31,2024-02-14,2024-02-15,FINANCIAL SERVICES,CREDIT SERVICES,0.01803705,0.02011882,0.00208177,0,0,0,0
2023-09-30->2023-12-31,2023-09-30,2023-12-31,2024-02-14,2024-02-15,HEALTHCARE,BIOTECHNOLOGY,0.00174758,0.00181375,0.00006617,0,0,0,0
2023-09-30->2023-12-31,2023-09-30,2023-12-31,2024-02-14,2024-02-15,HEALTHCARE,HEALTHCARE PLANS,0.00236051,0.00209420,-0.00026631,0,0,0,0
2023-09-30->2023-12-31,2023-09-30,2023-12-31,2024-02-14,2024-02-15,INDUSTRIALS,ELECTRICAL EQUIPMENT & PARTS,0.00227878,0.00118828,-0.00109050,0,1,0,0
2023-09-30->2023-12-31,2023-09-30,2023-12-31,2024-02-14,2024-02-15,INDUSTRIALS,INTEGRATED FREIGHT & LOGISTICS,0.00521887,0.00453976,-0.00067911,0,0,0,1
2023-09-30->2023-12-31,2023-09-30,2023-12-31,2024-02-14,2024-02-15,INDUSTRIALS,SPECIALTY INDUSTRIAL MACHINERY,0.01127609,0.01223882,0.00096273,0,0,0,0
2023-09-30->2023-12-31,2023-09-30,2023-12-31,2024-02-14,2024-02-15,REAL ESTATE,REIT - INDUSTRIAL,0.00355075,0.00436594,0.00081519,0,0,0,0
2023-09-30->2023-12-31,2023-09-30,2023-12-31,2024-02-14,2024-02-15,REAL ESTATE,REIT - SPECIALTY,0.00853468,0.01159644,0.00306176,0,0,0,0
2023-09-30->2023-12-31,2023-09-30,2023-12-31,2024-02-14,2024-02-15,TECHNOLOGY,SEMICONDUCTORS,0.01325467,0.01966877,0.00641410,0,0,0,0
2023-09-30->2023-12-31,2023-09-30,2023-12-31,2024-02-14,2024-02-15,TECHNOLOGY,SOFTWARE - APPLICATION,0.15450054,0.20411741,0.04961687,0,0,0,0
2023-09-30->2023-12-31,2023-09-30,2023-12-31,2024-02-14,2024-02-15,TECHNOLOGY,SOFTWARE - INFRASTRUCTURE,0.01597582,0.01969304,0.00371722,0,0,0,0
2023-09-30->2023-12-31,2023-09-30,2023-12-31,2024-02-14,2024-02-15,UTILITIES,SECTOR ETF - UTILITIES,0.05329372,0.05927996,0.00598624,0,0,0,0
2023-09-30->2023-12-31,2023-09-30,2023-12-31,2024-02-14,2024-02-15,UTILITIES,UTILITIES - REGULATED ELECTRIC,0.01000197,0.01097590,0.00097393,0,0,0,0
2023-12-31->2024-03-31,2023-12-31,2024-03-31,2024-05-15,2024-05-16,BASIC MATERIALS,COPPER,0.01557768,0.00000000,-0.01557768,0,1,0,0
2023-12-31->2024-03-31,2023-12-31,2024-03-31,2024-05-15,2024-05-16,BASIC MATERIALS,GOLD,0.00171268,0.00000000,-0.00171268,0,1,0,0
2023-12-31->2024-03-31,2023-12-31,2024-03-31,2024-05-15,2024-05-16,BASIC MATERIALS,PACKAGING & CONTAINERS,0.00375782,0.00812847,0.00437065,0,0,0,0
2023-12-31->2024-03-31,2023-12-31,2024-03-31,2024-05-15,2024-05-16,BASIC MATERIALS,SPECIALTY CHEMICALS,0.03543678,0.04254554,0.00710876,0,0,0,1
2023-12-31->2024-03-31,2023-12-31,2024-03-31,2024-05-15,2024-05-16,COMMUNICATION SERVICES,ELECTRONIC GAMING & MULTIMEDIA,0.14844332,0.27714804,0.12870472,0,0,0,0
2023-12-31->2024-03-31,2023-12-31,2024-03-31,2024-05-15,2024-05-16,COMMUNICATION SERVICES,ENTERTAINMENT,0.03337385,0.00000000,-0.03337385,0,1,0,0
2023-12-31->2024-03-31,2023-12-31,2024-03-31,2024-05-15,2024-05-16,COMMUNICATION SERVICES,INTERNET CONTENT & INFORMATION,0.05475601,0.03063363,-0.02412238,0,1,1,1
2023-12-31->2024-03-31,2023-12-31,2024-03-31,2024-05-15,2024-05-16,CONSUMER CYCLICAL,AUTO MANUFACTURERS,0.16422992,0.21776698,0.05353706,0,0,0,0
2023-12-31->2024-03-31,2023-12-31,2024-03-31,2024-05-15,2024-05-16,CONSUMER CYCLICAL,HOME IMPROVEMENT RETAIL,0.01614716,0.00000000,-0.01614716,0,1,0,0
2023-12-31->2024-03-31,2023-12-31,2024-03-31,2024-05-15,2024-05-16,CONSUMER CYCLICAL,INTERNET RETAIL,0.03008536,0.01997146,-0.01011390,0,3,1,0
2023-12-31->2024-03-31,2023-12-31,2024-03-31,2024-05-15,2024-05-16,CONSUMER CYCLICAL,LUXURY GOODS,0.00073174,0.00239895,0.00166721,0,0,1,0
2023-12-31->2024-03-31,2023-12-31,2024-03-31,2024-05-15,2024-05-16,CONSUMER CYCLICAL,RESTAURANTS,0.01720026,0.00000000,-0.01720026,0,1,0,0
2023-12-31->2024-03-31,2023-12-31,2024-03-31,2024-05-15,2024-05-16,CONSUMER CYCLICAL,TRAVEL SERVICES,0.04823074,0.00000000,-0.04823074,0,2,0,0
2023-12-31->2024-03-31,2023-12-31,2024-03-31,2024-05-15,2024-05-16,CONSUMER DEFENSIVE,DISCOUNT STORES,0.02295120,0.00637287,-0.01657833,0,1,1,0
2023-12-31->2024-03-31,2023-12-31,2024-03-31,2024-05-15,2024-05-16,FINANCIAL SERVICES,ASSET MANAGEMENT,0.01708580,0.00000000,-0.01708580,0,1,0,0
2023-12-31->2024-03-31,2023-12-31,2024-03-31,2024-05-15,2024-05-16,FINANCIAL SERVICES,BANKS - DIVERSIFIED,0.01858857,0.00000000,-0.01858857,0,1,0,0
2023-12-31->2024-03-31,2023-12-31,2024-03-31,2024-05-15,2024-05-16,FINANCIAL SERVICES,BANKS - REGIONAL,0.00000000,0.00078046,0.00078046,1,0,0,0
2023-12-31->2024-03-31,2023-12-31,2024-03-31,2024-05-15,2024-05-16,FINANCIAL SERVICES,CREDIT SERVICES,0.02011882,0.02064652,0.00052770,0,0,0,2
2023-12-31->2024-03-31,2023-12-31,2024-03-31,2024-05-15,2024-05-16,HEALTHCARE,BIOTECHNOLOGY,0.00181375,0.00308052,0.00126677,0,0,0,0
2023-12-31->2024-03-31,2023-12-31,2024-03-31,2024-05-15,2024-05-16,HEALTHCARE,HEALTHCARE PLANS,0.00209420,0.00231079,0.00021659,0,0,0,0
2023-12-31->2024-03-31,2023-12-31,2024-03-31,2024-05-15,2024-05-16,INDUSTRIALS,ELECTRICAL EQUIPMENT & PARTS,0.00118828,0.00312394,0.00193566,0,0,1,0
2023-12-31->2024-03-31,2023-12-31,2024-03-31,2024-05-15,2024-05-16,INDUSTRIALS,INTEGRATED FREIGHT & LOGISTICS,0.00453976,0.01018472,0.00564496,0,0,0,0
2023-12-31->2024-03-31,2023-12-31,2024-03-31,2024-05-15,2024-05-16,INDUSTRIALS,SPECIALTY INDUSTRIAL MACHINERY,0.01223882,0.02948429,0.01724547,0,0,0,0
2023-12-31->2024-03-31,2023-12-31,2024-03-31,2024-05-15,2024-05-16,REAL ESTATE,REIT - INDUSTRIAL,0.00436594,0.00835415,0.00398821,0,0,0,0
2023-12-31->2024-03-31,2023-12-31,2024-03-31,2024-05-15,2024-05-16,REAL ESTATE,REIT - SPECIALTY,0.01159644,0.00000000,-0.01159644,0,1,0,0
2023-12-31->2024-03-31,2023-12-31,2024-03-31,2024-05-15,2024-05-16,TECHNOLOGY,SEMICONDUCTORS,0.01966877,0.00000000,-0.01966877,0,1,0,0
2023-12-31->2024-03-31,2023-12-31,2024-03-31,2024-05-15,2024-05-16,TECHNOLOGY,SOFTWARE - APPLICATION,0.20411741,0.31706868,0.11295127,0,5,0,0
2023-12-31->2024-03-31,2023-12-31,2024-03-31,2024-05-15,2024-05-16,TECHNOLOGY,SOFTWARE - INFRASTRUCTURE,0.01969304,0.00000000,-0.01969304,0,1,0,0
2023-12-31->2024-03-31,2023-12-31,2024-03-31,2024-05-15,2024-05-16,UTILITIES,SECTOR ETF - UTILITIES,0.05927996,0.00000000,-0.05927996,0,1,0,0
2023-12-31->2024-03-31,2023-12-31,2024-03-31,2024-05-15,2024-05-16,UTILITIES,UTILITIES - REGULATED ELECTRIC,0.01097590,0.00000000,-0.01097590,0,1,0,0
2024-03-31->2024-06-30,2024-03-31,2024-06-30,2024-09-30,2024-10-01,BASIC MATERIALS,PACKAGING & CONTAINERS,0.00812847,0.00000000,-0.00812847,0,1,0,0
2024-03-31->2024-06-30,2024-03-31,2024-06-30,2024-09-30,2024-10-01,BASIC MATERIALS,SPECIALTY CHEMICALS,0.04254554,0.00000000,-0.04254554,0,2,0,0
2024-03-31->2024-06-30,2024-03-31,2024-06-30,2024-09-30,2024-10-01,COMMUNICATION SERVICES,ELECTRONIC GAMING & MULTIMEDIA,0.27714804,0.00000000,-0.27714804,0,2,0,0
2024-03-31->2024-06-30,2024-03-31,2024-06-30,2024-09-30,2024-10-01,COMMUNICATION SERVICES,INTERNET CONTENT & INFORMATION,0.03063363,0.00000000,-0.03063363,0,2,0,0
2024-03-31->2024-06-30,2024-03-31,2024-06-30,2024-09-30,2024-10-01,CONSUMER CYCLICAL,AUTO MANUFACTURERS,0.21776698,0.00000000,-0.21776698,0,1,0,0
2024-03-31->2024-06-30,2024-03-31,2024-06-30,2024-09-30,2024-10-01,CONSUMER CYCLICAL,INTERNET RETAIL,0.01997146,1.00000000,0.98002854,1,3,0,0
2024-03-31->2024-06-30,2024-03-31,2024-06-30,2024-09-30,2024-10-01,CONSUMER CYCLICAL,LUXURY GOODS,0.00239895,0.00000000,-0.00239895,0,1,0,0
2024-03-31->2024-06-30,2024-03-31,2024-06-30,2024-09-30,2024-10-01,CONSUMER DEFENSIVE,DISCOUNT STORES,0.00637287,0.00000000,-0.00637287,0,1,0,0
2024-03-31->2024-06-30,2024-03-31,2024-06-30,2024-09-30,2024-10-01,FINANCIAL SERVICES,BANKS - REGIONAL,0.00078046,0.00000000,-0.00078046,0,1,0,0
2024-03-31->2024-06-30,2024-03-31,2024-06-30,2024-09-30,2024-10-01,FINANCIAL SERVICES,CREDIT SERVICES,0.02064652,0.00000000,-0.02064652,0,2,0,0
2024-03-31->2024-06-30,2024-03-31,2024-06-30,2024-09-30,2024-10-01,HEALTHCARE,BIOTECHNOLOGY,0.00308052,0.00000000,-0.00308052,0,1,0,0
2024-03-31->2024-06-30,2024-03-31,2024-06-30,2024-09-30,2024-10-01,HEALTHCARE,HEALTHCARE PLANS,0.00231079,0.00000000,-0.00231079,0,1,0,0
2024-03-31->2024-06-30,2024-03-31,2024-06-30,2024-09-30,2024-10-01,INDUSTRIALS,ELECTRICAL EQUIPMENT & PARTS,0.00312394,0.00000000,-0.00312394,0,2,0,0
2024-03-31->2024-06-30,2024-03-31,2024-06-30,2024-09-30,2024-10-01,INDUSTRIALS,INTEGRATED FREIGHT & LOGISTICS,0.01018472,0.00000000,-0.01018472,0,1,0,0
2024-03-31->2024-06-30,2024-03-31,2024-06-30,2024-09-30,2024-10-01,INDUSTRIALS,SPECIALTY INDUSTRIAL MACHINERY,0.02948429,0.00000000,-0.02948429,0,1,0,0
2024-03-31->2024-06-30,2024-03-31,2024-06-30,2024-09-30,2024-10-01,REAL ESTATE,REIT - INDUSTRIAL,0.00835415,0.00000000,-0.00835415,0,1,0,0
2024-03-31->2024-06-30,2024-03-31,2024-06-30,2024-09-30,2024-10-01,TECHNOLOGY,SOFTWARE - APPLICATION,0.31706868,0.00000000,-0.31706868,0,2,0,0
2024-06-30->2024-09-30,2024-06-30,2024-09-30,2024-11-14,2024-11-15,BASIC MATERIALS,PACKAGING & CONTAINERS,0.00000000,0.00743210,0.00743210,1,0,0,0
2024-06-30->2024-09-30,2024-06-30,2024-09-30,2024-11-14,2024-11-15,BASIC MATERIALS,SPECIALTY CHEMICALS,0.00000000,0.04252297,0.04252297,2,0,0,0
2024-06-30->2024-09-30,2024-06-30,2024-09-30,2024-11-14,2024-11-15,COMMUNICATION SERVICES,ELECTRONIC GAMING & MULTIMEDIA,0.00000000,0.27305658,0.27305658,2,0,0,0
2024-06-30->2024-09-30,2024-06-30,2024-09-30,2024-11-14,2024-11-15,COMMUNICATION SERVICES,INTERNET CONTENT & INFORMATION,0.00000000,0.03097468,0.03097468,2,0,0,0
2024-06-30->2024-09-30,2024-06-30,2024-09-30,2024-11-14,2024-11-15,CONSUMER CYCLICAL,AUTO MANUFACTURERS,0.00000000,0.24939948,0.24939948,1,0,0,0
2024-06-30->2024-09-30,2024-06-30,2024-09-30,2024-11-14,2024-11-15,CONSUMER CYCLICAL,INTERNET RETAIL,1.00000000,0.02789034,-0.97210966,3,0,0,0
2024-06-30->2024-09-30,2024-06-30,2024-09-30,2024-11-14,2024-11-15,CONSUMER CYCLICAL,LUXURY GOODS,0.00000000,0.00187631,0.00187631,1,0,0,0
2024-06-30->2024-09-30,2024-06-30,2024-09-30,2024-11-14,2024-11-15,CONSUMER DEFENSIVE,DISCOUNT STORES,0.00000000,0.00790809,0.00790809,1,0,0,0
2024-06-30->2024-09-30,2024-06-30,2024-09-30,2024-11-14,2024-11-15,FINANCIAL SERVICES,BANKS - REGIONAL,0.00000000,0.00266755,0.00266755,1,0,0,0
2024-06-30->2024-09-30,2024-06-30,2024-09-30,2024-11-14,2024-11-15,FINANCIAL SERVICES,CREDIT SERVICES,0.00000000,0.01839210,0.01839210,2,0,0,0
2024-06-30->2024-09-30,2024-06-30,2024-09-30,2024-11-14,2024-11-15,HEALTHCARE,BIOTECHNOLOGY,0.00000000,0.00408906,0.00408906,1,0,0,0
2024-06-30->2024-09-30,2024-06-30,2024-09-30,2024-11-14,2024-11-15,HEALTHCARE,HEALTHCARE PLANS,0.00000000,0.00050308,0.00050308,1,0,0,0
2024-06-30->2024-09-30,2024-06-30,2024-09-30,2024-11-14,2024-11-15,INDUSTRIALS,ELECTRICAL EQUIPMENT & PARTS,0.00000000,0.00241976,0.00241976,2,0,0,0
2024-06-30->2024-09-30,2024-06-30,2024-09-30,2024-11-14,2024-11-15,INDUSTRIALS,INTEGRATED FREIGHT & LOGISTICS,0.00000000,0.00700694,0.00700694,1,0,0,0
2024-06-30->2024-09-30,2024-06-30,2024-09-30,2024-11-14,2024-11-15,INDUSTRIALS,SPECIALTY INDUSTRIAL MACHINERY,0.00000000,0.02727415,0.02727415,1,0,0,0
2024-06-30->2024-09-30,2024-06-30,2024-09-30,2024-11-14,2024-11-15,REAL ESTATE,REIT - INDUSTRIAL,0.00000000,0.01007167,0.01007167,1,0,0,0
2024-06-30->2024-09-30,2024-06-30,2024-09-30,2024-11-14,2024-11-15,TECHNOLOGY,SOFTWARE - APPLICATION,0.00000000,0.28651513,0.28651513,2,0,0,0
2024-09-30->2024-12-31,2024-09-30,2024-12-31,2025-02-14,2025-02-18,BASIC MATERIALS,PACKAGING & CONTAINERS,0.00743210,0.00636934,-0.00106276,0,0,0,0
2024-09-30->2024-12-31,2024-09-30,2024-12-31,2025-02-14,2025-02-18,BASIC MATERIALS,SPECIALTY CHEMICALS,0.04252297,0.03900043,-0.00352254,0,0,0,0
2024-09-30->2024-12-31,2024-09-30,2024-12-31,2025-02-14,2025-02-18,COMMUNICATION SERVICES,ELECTRONIC GAMING & MULTIMEDIA,0.27305658,0.29776532,0.02470874,0,0,0,0
2024-09-30->2024-12-31,2024-09-30,2024-12-31,2025-02-14,2025-02-18,COMMUNICATION SERVICES,INTERNET CONTENT & INFORMATION,0.03097468,0.03084989,-0.00012479,0,0,0,0
2024-09-30->2024-12-31,2024-09-30,2024-12-31,2025-02-14,2025-02-18,CONSUMER CYCLICAL,AUTO MANUFACTURERS,0.24939948,0.27788884,0.02848936,0,0,1,0
2024-09-30->2024-12-31,2024-09-30,2024-12-31,2025-02-14,2025-02-18,CONSUMER CYCLICAL,INTERNET RETAIL,0.02789034,0.03363867,0.00574833,1,0,1,0
2024-09-30->2024-12-31,2024-09-30,2024-12-31,2025-02-14,2025-02-18,CONSUMER CYCLICAL,LUXURY GOODS,0.00187631,0.00250405,0.00062774,0,0,1,0
2024-09-30->2024-12-31,2024-09-30,2024-12-31,2025-02-14,2025-02-18,CONSUMER DEFENSIVE,DISCOUNT STORES,0.00790809,0.00000000,-0.00790809,0,1,0,0
2024-09-30->2024-12-31,2024-09-30,2024-12-31,2025-02-14,2025-02-18,FINANCIAL SERVICES,BANKS - REGIONAL,0.00266755,0.00367440,0.00100685,0,0,1,0
2024-09-30->2024-12-31,2024-09-30,2024-12-31,2025-02-14,2025-02-18,FINANCIAL SERVICES,CREDIT SERVICES,0.01839210,0.01885690,0.00046480,0,0,0,1
2024-09-30->2024-12-31,2024-09-30,2024-12-31,2025-02-14,2025-02-18,HEALTHCARE,BIOTECHNOLOGY,0.00408906,0.00340125,-0.00068781,0,0,0,0
2024-09-30->2024-12-31,2024-09-30,2024-12-31,2025-02-14,2025-02-18,HEALTHCARE,HEALTHCARE PLANS,0.00050308,0.00098397,0.00048089,0,0,0,0
2024-09-30->2024-12-31,2024-09-30,2024-12-31,2025-02-14,2025-02-18,INDUSTRIALS,ELECTRICAL EQUIPMENT & PARTS,0.00241976,0.00436700,0.00194724,0,0,0,0
2024-09-30->2024-12-31,2024-09-30,2024-12-31,2025-02-14,2025-02-18,INDUSTRIALS,INTEGRATED FREIGHT & LOGISTICS,0.00700694,0.00728218,0.00027524,0,0,0,0
2024-09-30->2024-12-31,2024-09-30,2024-12-31,2025-02-14,2025-02-18,INDUSTRIALS,SPECIALTY INDUSTRIAL MACHINERY,0.02727415,0.02968761,0.00241346,0,0,0,0
2024-09-30->2024-12-31,2024-09-30,2024-12-31,2025-02-14,2025-02-18,REAL ESTATE,REIT - INDUSTRIAL,0.01007167,0.00852318,-0.00154849,0,0,0,0
2024-09-30->2024-12-31,2024-09-30,2024-12-31,2025-02-14,2025-02-18,TECHNOLOGY,SOFTWARE - APPLICATION,0.28651513,0.23520697,-0.05130816,0,0,0,0
2024-12-31->2025-03-31,2024-12-31,2025-03-31,2025-05-15,2025-05-16,BASIC MATERIALS,PACKAGING & CONTAINERS,0.00636934,0.00598242,-0.00038692,0,0,0,0
2024-12-31->2025-03-31,2024-12-31,2025-03-31,2025-05-15,2025-05-16,BASIC MATERIALS,SPECIALTY CHEMICALS,0.03900043,0.04221555,0.00321512,0,0,1,0
2024-12-31->2025-03-31,2024-12-31,2025-03-31,2025-05-15,2025-05-16,COMMUNICATION SERVICES,ELECTRONIC GAMING & MULTIMEDIA,0.29776532,0.30537728,0.00761196,0,0,0,0
2024-12-31->2025-03-31,2024-12-31,2025-03-31,2025-05-15,2025-05-16,COMMUNICATION SERVICES,INTERNET CONTENT & INFORMATION,0.03084989,0.02632337,-0.00452652,0,0,0,2
2024-12-31->2025-03-31,2024-12-31,2025-03-31,2025-05-15,2025-05-16,CONSUMER CYCLICAL,AUTO MANUFACTURERS,0.27788884,0.21991667,-0.05797217,0,0,0,0
2024-12-31->2025-03-31,2024-12-31,2025-03-31,2025-05-15,2025-05-16,CONSUMER CYCLICAL,INTERNET RETAIL,0.03363867,0.04627894,0.01264027,0,0,2,0
2024-12-31->2025-03-31,2024-12-31,2025-03-31,2025-05-15,2025-05-16,CONSUMER CYCLICAL,LUXURY GOODS,0.00250405,0.00221551,-0.00028854,0,0,0,0
2024-12-31->2025-03-31,2024-12-31,2025-03-31,2025-05-15,2025-05-16,FINANCIAL SERVICES,BANKS - REGIONAL,0.00367440,0.00358678,-0.00008762,0,0,0,0
2024-12-31->2025-03-31,2024-12-31,2025-03-31,2025-05-15,2025-05-16,FINANCIAL SERVICES,CREDIT SERVICES,0.01885690,0.01799746,-0.00085944,0,0,0,0
2024-12-31->2025-03-31,2024-12-31,2025-03-31,2025-05-15,2025-05-16,HEALTHCARE,BIOTECHNOLOGY,0.00340125,0.00494957,0.00154832,1,1,0,0
2024-12-31->2025-03-31,2024-12-31,2025-03-31,2025-05-15,2025-05-16,HEALTHCARE,HEALTHCARE PLANS,0.00098397,0.00135639,0.00037242,1,1,0,0
2024-12-31->2025-03-31,2024-12-31,2025-03-31,2025-05-15,2025-05-16,INDUSTRIALS,ELECTRICAL EQUIPMENT & PARTS,0.00436700,0.00383751,-0.00052949,0,1,1,0
2024-12-31->2025-03-31,2024-12-31,2025-03-31,2025-05-15,2025-05-16,INDUSTRIALS,INTEGRATED FREIGHT & LOGISTICS,0.00728218,0.00623192,-0.00105026,0,0,0,0
2024-12-31->2025-03-31,2024-12-31,2025-03-31,2025-05-15,2025-05-16,INDUSTRIALS,SPECIALTY INDUSTRIAL MACHINERY,0.02968761,0.02636216,-0.00332545,0,0,0,0
2024-12-31->2025-03-31,2024-12-31,2025-03-31,2025-05-15,2025-05-16,REAL ESTATE,REIT - INDUSTRIAL,0.00852318,0.00890243,0.00037925,0,0,0,0
2024-12-31->2025-03-31,2024-12-31,2025-03-31,2025-05-15,2025-05-16,TECHNOLOGY,SOFTWARE - APPLICATION,0.23520697,0.27846607,0.04325910,0,0,0,0
2025-03-31->2025-06-30,2025-03-31,2025-06-30,2025-08-14,2025-08-15,BASIC MATERIALS,PACKAGING & CONTAINERS,0.00598242,0.00224337,-0.00373905,0,0,0,1
2025-03-31->2025-06-30,2025-03-31,2025-06-30,2025-08-14,2025-08-15,BASIC MATERIALS,SPECIALTY CHEMICALS,0.04221555,0.01547273,-0.02674282,0,0,0,2
2025-03-31->2025-06-30,2025-03-31,2025-06-30,2025-08-14,2025-08-15,COMMUNICATION SERVICES,ELECTRONIC GAMING & MULTIMEDIA,0.30537728,0.37162766,0.06625038,0,0,0,0
2025-03-31->2025-06-30,2025-03-31,2025-06-30,2025-08-14,2025-08-15,COMMUNICATION SERVICES,INTERNET CONTENT & INFORMATION,0.02632337,0.00041558,-0.02590779,0,1,0,1
2025-03-31->2025-06-30,2025-03-31,2025-06-30,2025-08-14,2025-08-15,CONSUMER CYCLICAL,AUTO MANUFACTURERS,0.21991667,0.20621310,-0.01370357,0,0,0,0
2025-03-31->2025-06-30,2025-03-31,2025-06-30,2025-08-14,2025-08-15,CONSUMER CYCLICAL,INTERNET RETAIL,0.04627894,0.00093685,-0.04534209,0,4,0,1
2025-03-31->2025-06-30,2025-03-31,2025-06-30,2025-08-14,2025-08-15,CONSUMER CYCLICAL,LUXURY GOODS,0.00221551,0.00000000,-0.00221551,0,1,0,0
2025-03-31->2025-06-30,2025-03-31,2025-06-30,2025-08-14,2025-08-15,FINANCIAL SERVICES,BANKS - REGIONAL,0.00358678,0.00000000,-0.00358678,0,1,0,0
2025-03-31->2025-06-30,2025-03-31,2025-06-30,2025-08-14,2025-08-15,FINANCIAL SERVICES,CREDIT SERVICES,0.01799746,0.00000000,-0.01799746,0,2,0,0
2025-03-31->2025-06-30,2025-03-31,2025-06-30,2025-08-14,2025-08-15,HEALTHCARE,BIOTECHNOLOGY,0.00494957,0.00303492,-0.00191465,1,1,0,0
2025-03-31->2025-06-30,2025-03-31,2025-06-30,2025-08-14,2025-08-15,HEALTHCARE,HEALTHCARE PLANS,0.00135639,0.00319111,0.00183472,0,0,0,0
2025-03-31->2025-06-30,2025-03-31,2025-06-30,2025-08-14,2025-08-15,INDUSTRIALS,ELECTRICAL EQUIPMENT & PARTS,0.00383751,0.00199176,-0.00184575,0,0,0,1
2025-03-31->2025-06-30,2025-03-31,2025-06-30,2025-08-14,2025-08-15,INDUSTRIALS,INTEGRATED FREIGHT & LOGISTICS,0.00623192,0.00000000,-0.00623192,0,1,0,0
2025-03-31->2025-06-30,2025-03-31,2025-06-30,2025-08-14,2025-08-15,INDUSTRIALS,SPECIALTY INDUSTRIAL MACHINERY,0.02636216,0.01980146,-0.00656070,0,0,0,1
2025-03-31->2025-06-30,2025-03-31,2025-06-30,2025-08-14,2025-08-15,REAL ESTATE,REIT - INDUSTRIAL,0.00890243,0.00001439,-0.00888804,0,0,0,1
2025-03-31->2025-06-30,2025-03-31,2025-06-30,2025-08-14,2025-08-15,TECHNOLOGY,SOFTWARE - APPLICATION,0.27846607,0.37505706,0.09659099,0,1,0,0
2025-06-30->2025-09-30,2025-06-30,2025-09-30,2025-11-14,2025-11-17,BASIC MATERIALS,PACKAGING & CONTAINERS,0.00224337,0.00000000,-0.00224337,0,1,0,0
2025-06-30->2025-09-30,2025-06-30,2025-09-30,2025-11-14,2025-11-17,BASIC MATERIALS,SPECIALTY CHEMICALS,0.01547273,0.00000000,-0.01547273,0,2,0,0
2025-06-30->2025-09-30,2025-06-30,2025-09-30,2025-11-14,2025-11-17,COMMUNICATION SERVICES,ELECTRONIC GAMING & MULTIMEDIA,0.37162766,0.41057603,0.03894837,0,0,0,0
2025-06-30->2025-09-30,2025-06-30,2025-09-30,2025-11-14,2025-11-17,COMMUNICATION SERVICES,INTERNET CONTENT & INFORMATION,0.00041558,0.00000000,-0.00041558,0,1,0,0
2025-06-30->2025-09-30,2025-06-30,2025-09-30,2025-11-14,2025-11-17,CONSUMER CYCLICAL,AUTO MANUFACTURERS,0.20621310,0.21749844,0.01128534,1,1,0,0
2025-06-30->2025-09-30,2025-06-30,2025-09-30,2025-11-14,2025-11-17,CONSUMER CYCLICAL,INTERNET RETAIL,0.00093685,0.00000000,-0.00093685,0,1,0,0
2025-06-30->2025-09-30,2025-06-30,2025-09-30,2025-11-14,2025-11-17,HEALTHCARE,BIOTECHNOLOGY,0.00303492,0.00000000,-0.00303492,0,1,0,0
2025-06-30->2025-09-30,2025-06-30,2025-09-30,2025-11-14,2025-11-17,HEALTHCARE,HEALTHCARE PLANS,0.00319111,0.00351104,0.00031993,0,0,0,0
2025-06-30->2025-09-30,2025-06-30,2025-09-30,2025-11-14,2025-11-17,INDUSTRIALS,ELECTRICAL EQUIPMENT & PARTS,0.00199176,0.00000000,-0.00199176,0,1,0,0
2025-06-30->2025-09-30,2025-06-30,2025-09-30,2025-11-14,2025-11-17,INDUSTRIALS,SPECIALTY INDUSTRIAL MACHINERY,0.01980146,0.00000000,-0.01980146,0,1,0,0
2025-06-30->2025-09-30,2025-06-30,2025-09-30,2025-11-14,2025-11-17,REAL ESTATE,REIT - INDUSTRIAL,0.00001439,0.00000000,-0.00001439,0,1,0,0
2025-06-30->2025-09-30,2025-06-30,2025-09-30,2025-11-14,2025-11-17,TECHNOLOGY,SOFTWARE - APPLICATION,0.37505706,0.36841450,-0.00664256,0,0,0,0
2025-09-30->2025-12-31,2025-09-30,2025-12-31,2026-02-17,2026-02-18,COMMUNICATION SERVICES,ELECTRONIC GAMING & MULTIMEDIA,0.41057603,0.39150730,-0.01906873,0,1,0,0
2025-09-30->2025-12-31,2025-09-30,2025-12-31,2026-02-17,2026-02-18,CONSUMER CYCLICAL,AUTO MANUFACTURERS,0.21749844,0.14457174,-0.07292670,0,0,0,0
2025-09-30->2025-12-31,2025-09-30,2025-12-31,2026-02-17,2026-02-18,HEALTHCARE,HEALTHCARE PLANS,0.00351104,0.00423046,0.00071942,0,0,0,0
2025-09-30->2025-12-31,2025-09-30,2025-12-31,2026-02-17,2026-02-18,TECHNOLOGY,SOFTWARE - APPLICATION,0.36841450,0.45969051,0.09127601,0,0,0,0
2025-12-31->2026-03-31,2025-12-31,2026-03-31,2026-05-15,2026-05-18,COMMUNICATION SERVICES,ELECTRONIC GAMING & MULTIMEDIA,0.39150730,0.42126930,0.02976200,0,0,0,0
2025-12-31->2026-03-31,2025-12-31,2026-03-31,2026-05-15,2026-05-18,CONSUMER CYCLICAL,AUTO MANUFACTURERS,0.14457174,0.14057241,-0.00399933,0,0,0,0
2025-12-31->2026-03-31,2025-12-31,2026-03-31,2026-05-15,2026-05-18,HEALTHCARE,HEALTHCARE PLANS,0.00423046,0.00174382,-0.00248664,0,0,0,0
2025-12-31->2026-03-31,2025-12-31,2026-03-31,2026-05-15,2026-05-18,TECHNOLOGY,SOFTWARE - APPLICATION,0.45969051,0.43641447,-0.02327604,0,0,0,0
