event_family,event_label,event_date,analysis_start_date,target_end_date,actual_end_date,window_months,window_label,actual_horizon_days,sector,proxy_symbol,benchmark_symbol,signal_strength,signal_context,source,proxy_start_close,proxy_end_close,proxy_forward_return,benchmark_start_close,benchmark_end_close,benchmark_forward_return,excess_forward_return,unconditional_sample_count,unconditional_avg_proxy_forward_return,unconditional_avg_benchmark_forward_return,unconditional_avg_excess_forward_return,proxy_return_minus_unconditional_avg,excess_return_minus_unconditional_avg
nbim_overweight_tech,NBIM Overweight Tech,2019-02-28,2019-02-28,2019-03-28,2019-03-28,1,1m,28,Technology,XLK,VT,0.01455500,sector_weight_change,swf_combined_signal_panel,31.15708000,32.42902000,0.040823466127,62.67316000,63.00189800,0.005245275649,0.035578190478,2054,0.020869478463,0.010592954069,0.010276524394,0.019953987664,0.025301666084
nbim_overweight_tech,NBIM Overweight Tech,2019-02-28,2019-02-28,2019-05-28,2019-05-28,3,3m,89,Technology,XLK,VT,0.01455500,sector_weight_change,swf_combined_signal_panel,31.15708000,32.34494000,0.038124882049,62.67316000,62.31803000,-0.005666380952,0.043791263001,2012,0.059003636340,0.030260912626,0.028742723714,-0.020878754291,0.015048539287
nbim_overweight_tech,NBIM Overweight Tech,2019-02-28,2019-02-28,2019-08-28,2019-08-28,6,6m,181,Technology,XLK,VT,0.01455500,sector_weight_change,swf_combined_signal_panel,31.15708000,34.84579000,0.118390747785,62.67316000,63.34957000,0.010792658293,0.107598089492,1951,0.117086607610,0.060370714860,0.056715892751,0.001304140175,0.050882196741
nbim_positive_industry_weight_change,NBIM Positive Industry Weight Change,2019-02-28,2019-02-28,2019-03-28,2019-03-28,1,1m,28,Consumer Discretionary,XLY,VT,0.00692500,sector_weight_change,swf_combined_signal_panel,48.42446000,50.10339000,0.034671114557,62.67316000,63.00189800,0.005245275649,0.029425838907,2054,0.012452478862,0.010592954069,0.001859524793,0.022218635695,0.027566314114
nbim_positive_industry_weight_change,NBIM Positive Industry Weight Change,2019-02-28,2019-02-28,2019-05-28,2019-05-28,3,3m,89,Consumer Discretionary,XLY,VT,0.00692500,sector_weight_change,swf_combined_signal_panel,48.42446000,49.84681000,0.029372552631,62.67316000,62.31803000,-0.005666380952,0.035038933583,2012,0.036137757645,0.030260912626,0.005876845019,-0.006765205014,0.029162088564
nbim_positive_industry_weight_change,NBIM Positive Industry Weight Change,2019-02-28,2019-02-28,2019-08-28,2019-08-28,6,6m,181,Consumer Discretionary,XLY,VT,0.00692500,sector_weight_change,swf_combined_signal_panel,48.42446000,52.79046000,0.090161046711,62.67316000,63.34957000,0.010792658293,0.079368388418,1951,0.070629430411,0.060370714860,0.010258715552,0.019531616300,0.069109672866
nbim_positive_industry_weight_change,NBIM Positive Industry Weight Change,2019-02-28,2019-02-28,2019-03-28,2019-03-28,1,1m,28,Health Care,XLV,VT,0.01685700,sector_weight_change,swf_combined_signal_panel,81.01512400,80.43724000,-0.007133038518,62.67316000,63.00189800,0.005245275649,-0.012378314167,2054,0.008242562611,0.010592954069,-0.002350391458,-0.015375601129,-0.010027922709
nbim_positive_industry_weight_change,NBIM Positive Industry Weight Change,2019-02-28,2019-02-28,2019-05-28,2019-05-28,3,3m,89,Health Care,XLV,VT,0.01685700,sector_weight_change,swf_combined_signal_panel,81.01512400,78.32560000,-0.033197801438,62.67316000,62.31803000,-0.005666380952,-0.027531420486,2012,0.025254676609,0.030260912626,-0.005006236017,-0.058452478047,-0.022525184469
nbim_positive_industry_weight_change,NBIM Positive Industry Weight Change,2019-02-28,2019-02-28,2019-08-28,2019-08-28,6,6m,181,Health Care,XLV,VT,0.01685700,sector_weight_change,swf_combined_signal_panel,81.01512400,80.02192600,-0.012259414674,62.67316000,63.34957000,0.010792658293,-0.023052072967,1951,0.050006191973,0.060370714860,-0.010364522886,-0.062265606647,-0.012687550081
nbim_positive_industry_weight_change,NBIM Positive Industry Weight Change,2019-02-28,2019-02-28,2019-03-28,2019-03-28,1,1m,28,Technology,XLK,VT,0.01455500,sector_weight_change,swf_combined_signal_panel,31.15708000,32.42902000,0.040823466127,62.67316000,63.00189800,0.005245275649,0.035578190478,2054,0.020869478463,0.010592954069,0.010276524394,0.019953987664,0.025301666084
nbim_positive_industry_weight_change,NBIM Positive Industry Weight Change,2019-02-28,2019-02-28,2019-05-28,2019-05-28,3,3m,89,Technology,XLK,VT,0.01455500,sector_weight_change,swf_combined_signal_panel,31.15708000,32.34494000,0.038124882049,62.67316000,62.31803000,-0.005666380952,0.043791263001,2012,0.059003636340,0.030260912626,0.028742723714,-0.020878754291,0.015048539287
nbim_positive_industry_weight_change,NBIM Positive Industry Weight Change,2019-02-28,2019-02-28,2019-08-28,2019-08-28,6,6m,181,Technology,XLK,VT,0.01455500,sector_weight_change,swf_combined_signal_panel,31.15708000,34.84579000,0.118390747785,62.67316000,63.34957000,0.010792658293,0.107598089492,1951,0.117086607610,0.060370714860,0.056715892751,0.001304140175,0.050882196741
cross_fund_consensus_gained,Cross-Fund Consensus Gained,2019-08-07,2019-08-07,2019-09-07,2019-09-09,1,1m,33,Technology,XLK,VT,0.76076441,consensus:no->yes,swf_signal_states,34.53383000,36.04906100,0.043876714514,63.50655000,65.51239000,0.031584773539,0.012291940975,2054,0.020869478463,0.010592954069,0.010276524394,0.023007236051,0.002015416581
cross_fund_consensus_gained,Cross-Fund Consensus Gained,2019-08-07,2019-08-07,2019-11-07,2019-11-07,3,3m,92,Technology,XLK,VT,0.76076441,consensus:no->yes,swf_signal_states,34.53383000,38.40272000,0.112031882939,63.50655000,68.66880000,0.081286890880,0.030744992059,2012,0.059003636340,0.030260912626,0.028742723714,0.053028246599,0.002002268345
cross_fund_consensus_gained,Cross-Fund Consensus Gained,2019-08-07,2019-08-07,2020-02-07,2020-02-07,6,6m,184,Technology,XLK,VT,0.76076441,consensus:no->yes,swf_signal_states,34.53383000,44.99342000,0.302879524223,63.50655000,72.30445000,0.138535316436,0.164344207787,1951,0.117086607610,0.060370714860,0.056715892751,0.185792916613,0.107628315036
pif_expanding,PIF Expanding,2019-08-07,2019-08-07,2019-09-07,2019-09-09,1,1m,33,,SPY,CASH,1.00000000,state_change:stable->expanding,swf_signal_states,260.77288000,270.03672300,0.035524564518,1.00000000,1.00000000,0.000000000000,0.035524564518,1841,0.014817152818,0.000000000000,0.014817152818,0.020707411700,0.020707411700
pif_expanding,PIF Expanding,2019-08-07,2019-08-07,2019-11-07,2019-11-07,3,3m,92,,SPY,CASH,1.00000000,state_change:stable->expanding,swf_signal_states,260.77288000,280.35664000,0.075098913660,1.00000000,1.00000000,0.000000000000,0.075098913660,1800,0.040840012481,0.000000000000,0.040840012481,0.034258901179,0.034258901179
pif_expanding,PIF Expanding,2019-08-07,2019-08-07,2020-02-07,2020-02-07,6,6m,184,,SPY,CASH,1.00000000,state_change:stable->expanding,swf_signal_states,260.77288000,303.68661000,0.164563623334,1.00000000,1.00000000,0.000000000000,0.164563623334,1738,0.080778947711,0.000000000000,0.080778947711,0.083784675623,0.083784675623
cross_fund_consensus_gained,Cross-Fund Consensus Gained,2019-10-22,2019-10-22,2019-11-22,2019-11-22,1,1m,31,Consumer Discretionary,XLY,VT,0.12634318,consensus:no->yes,swf_signal_states,54.61947000,53.94244000,-0.012395396733,66.56374000,68.74774000,0.032810656372,-0.045206053105,2054,0.012452478862,0.010592954069,0.001859524793,-0.024847875595,-0.047065577898
cross_fund_consensus_gained,Cross-Fund Consensus Gained,2019-10-22,2019-10-22,2020-01-22,2020-01-22,3,3m,92,Consumer Discretionary,XLY,VT,0.12634318,consensus:no->yes,swf_signal_states,54.61947000,57.55975000,0.053832085884,66.56374000,73.04676000,0.097395669174,-0.043563583289,2012,0.036137757645,0.030260912626,0.005876845019,0.017694328239,-0.049440428308
cross_fund_consensus_gained,Cross-Fund Consensus Gained,2019-10-22,2019-10-22,2020-04-22,2020-04-22,6,6m,183,Consumer Discretionary,XLY,VT,0.12634318,consensus:no->yes,swf_signal_states,54.61947000,50.30968000,-0.078905745515,66.56374000,59.10387000,-0.112071076535,0.033165331020,1951,0.070629430411,0.060370714860,0.010258715552,-0.149535175926,0.022906615468
cross_fund_consensus_lost,Cross-Fund Consensus Lost,2019-10-22,2019-10-22,2019-11-22,2019-11-22,1,1m,31,Technology,XLK,VT,0.13397318,consensus:yes->no,swf_signal_states,36.17855000,38.82872000,0.073252521176,66.56374000,68.74774000,0.032810656372,0.040441864804,2054,0.020869478463,0.010592954069,0.010276524394,0.052383042713,0.030165340410
cross_fund_consensus_lost,Cross-Fund Consensus Lost,2019-10-22,2019-10-22,2020-01-22,2020-01-22,3,3m,92,Technology,XLK,VT,0.13397318,consensus:yes->no,swf_signal_states,36.17855000,43.97341000,0.215455290497,66.56374000,73.04676000,0.097395669174,0.118059621323,2012,0.059003636340,0.030260912626,0.028742723714,0.156451654157,0.089316897609
cross_fund_consensus_lost,Cross-Fund Consensus Lost,2019-10-22,2019-10-22,2020-04-22,2020-04-22,6,6m,183,Technology,XLK,VT,0.13397318,consensus:yes->no,swf_signal_states,36.17855000,39.85233000,0.101545805457,66.56374000,59.10387000,-0.112071076535,0.213616881992,1951,0.117086607610,0.060370714860,0.056715892751,-0.015540802153,0.156900989241
cross_fund_consensus_gained,Cross-Fund Consensus Gained,2020-02-05,2020-02-05,2020-03-05,2020-03-05,1,1m,29,Technology,XLK,VT,0.48026007,consensus:no->yes,swf_signal_states,44.99793000,40.99461000,-0.088966759138,72.66677000,66.11854000,-0.090113128738,0.001146369601,2054,0.020869478463,0.010592954069,0.010276524394,-0.109836237601,-0.009130154793
cross_fund_consensus_gained,Cross-Fund Consensus Gained,2020-02-05,2020-02-05,2020-05-05,2020-05-05,3,3m,90,Technology,XLK,VT,0.48026007,consensus:no->yes,swf_signal_states,44.99793000,41.64452000,-0.074523650310,72.66677000,60.49675000,-0.167477101294,0.092953450984,2012,0.059003636340,0.030260912626,0.028742723714,-0.133527286650,0.064210727270
cross_fund_consensus_gained,Cross-Fund Consensus Gained,2020-02-05,2020-02-05,2020-08-05,2020-08-05,6,6m,182,Technology,XLK,VT,0.48026007,consensus:no->yes,swf_signal_states,44.99793000,52.20833000,0.160238482081,72.66677000,71.86651000,-0.011012736633,0.171251218715,1951,0.117086607610,0.060370714860,0.056715892751,0.043151874471,0.114535325964
cross_fund_consensus_lost,Cross-Fund Consensus Lost,2020-02-05,2020-02-05,2020-03-05,2020-03-05,1,1m,29,Consumer Discretionary,XLY,VT,0.57263007,consensus:yes->no,swf_signal_states,58.29087000,52.55024000,-0.098482489625,72.66677000,66.11854000,-0.090113128738,-0.008369360887,2054,0.012452478862,0.010592954069,0.001859524793,-0.110934968487,-0.010228885680
cross_fund_consensus_lost,Cross-Fund Consensus Lost,2020-02-05,2020-02-05,2020-05-05,2020-05-05,3,3m,90,Consumer Discretionary,XLY,VT,0.57263007,consensus:yes->no,swf_signal_states,58.29087000,51.60832000,-0.114641452426,72.66677000,60.49675000,-0.167477101294,0.052835648868,2012,0.036137757645,0.030260912626,0.005876845019,-0.150779210071,0.046958803849
cross_fund_consensus_lost,Cross-Fund Consensus Lost,2020-02-05,2020-02-05,2020-08-05,2020-08-05,6,6m,182,Consumer Discretionary,XLY,VT,0.57263007,consensus:yes->no,swf_signal_states,58.29087000,63.85578000,0.095467952357,72.66677000,71.86651000,-0.011012736633,0.106480688990,1951,0.070629430411,0.060370714860,0.010258715552,0.024838521946,0.096221973438
nbim_overweight_tech,NBIM Overweight Tech,2020-02-26,2020-02-26,2020-03-26,2020-03-26,1,1m,29,Technology,XLK,VT,0.01949900,sector_weight_change,swf_combined_signal_panel,41.83860000,37.53570000,-0.102845219486,68.09802700,56.69075000,-0.167512591811,0.064667372325,2054,0.020869478463,0.010592954069,0.010276524394,-0.123714697949,0.054390847931
nbim_overweight_tech,NBIM Overweight Tech,2020-02-26,2020-02-26,2020-05-26,2020-05-26,3,3m,90,Technology,XLK,VT,0.01949900,sector_weight_change,swf_combined_signal_panel,41.83860000,43.95658000,0.050622630776,68.09802700,63.65510000,-0.065243109026,0.115865739802,2012,0.059003636340,0.030260912626,0.028742723714,-0.008381005564,0.087123016088
nbim_overweight_tech,NBIM Overweight Tech,2020-02-26,2020-02-26,2020-08-26,2020-08-26,6,6m,182,Technology,XLK,VT,0.01949900,sector_weight_change,swf_combined_signal_panel,41.83860000,55.93618000,0.336951523235,68.09802700,74.47838000,0.093693654296,0.243257868938,1951,0.117086607610,0.060370714860,0.056715892751,0.219864915625,0.186541976187
nbim_positive_industry_weight_change,NBIM Positive Industry Weight Change,2020-02-26,2020-02-26,2020-03-26,2020-03-26,1,1m,29,Technology,XLK,VT,0.01949900,sector_weight_change,swf_combined_signal_panel,41.83860000,37.53570000,-0.102845219486,68.09802700,56.69075000,-0.167512591811,0.064667372325,2054,0.020869478463,0.010592954069,0.010276524394,-0.123714697949,0.054390847931
nbim_positive_industry_weight_change,NBIM Positive Industry Weight Change,2020-02-26,2020-02-26,2020-05-26,2020-05-26,3,3m,90,Technology,XLK,VT,0.01949900,sector_weight_change,swf_combined_signal_panel,41.83860000,43.95658000,0.050622630776,68.09802700,63.65510000,-0.065243109026,0.115865739802,2012,0.059003636340,0.030260912626,0.028742723714,-0.008381005564,0.087123016088
nbim_positive_industry_weight_change,NBIM Positive Industry Weight Change,2020-02-26,2020-02-26,2020-08-26,2020-08-26,6,6m,182,Technology,XLK,VT,0.01949900,sector_weight_change,swf_combined_signal_panel,41.83860000,55.93618000,0.336951523235,68.09802700,74.47838000,0.093693654296,0.243257868938,1951,0.117086607610,0.060370714860,0.056715892751,0.219864915625,0.186541976187
cross_fund_consensus_gained,Cross-Fund Consensus Gained,2020-05-18,2020-05-18,2020-06-18,2020-06-18,1,1m,31,Financials,XLF,VT,0.41240247,consensus:no->yes,swf_signal_states,19.86012000,21.66396000,0.090827245757,62.62597000,67.07961300,0.071114954387,0.019712291370,2054,0.010157748165,0.010592954069,-0.000435205904,0.080669497592,0.020147497274
cross_fund_consensus_gained,Cross-Fund Consensus Gained,2020-05-18,2020-05-18,2020-08-18,2020-08-18,3,3m,92,Financials,XLF,VT,0.41240247,consensus:no->yes,swf_signal_states,19.86012000,22.21634000,0.118640773570,62.62597000,73.15907000,0.168190608465,-0.049549834894,2012,0.029581248163,0.030260912626,-0.000679664463,0.089059525407,-0.048870170431
cross_fund_consensus_gained,Cross-Fund Consensus Gained,2020-05-18,2020-05-18,2020-11-18,2020-11-18,6,6m,184,Financials,XLF,VT,0.41240247,consensus:no->yes,swf_signal_states,19.86012000,24.81710000,0.249594665088,62.62597000,78.20721000,0.248798381885,0.000796283202,1951,0.061779607350,0.060370714860,0.001408892490,0.187815057738,-0.000612609288
cross_fund_consensus_gained,Cross-Fund Consensus Gained,2020-05-18,2020-05-18,2020-06-18,2020-06-18,1,1m,31,Industrials,XLI,VT,0.28548377,consensus:no->yes,swf_signal_states,57.84544000,63.96949000,0.105869192109,62.62597000,67.07961300,0.071114954387,0.034754237722,2054,0.011959873404,0.010592954069,0.001366919335,0.093909318705,0.033387318387
cross_fund_consensus_gained,Cross-Fund Consensus Gained,2020-05-18,2020-05-18,2020-08-18,2020-08-18,3,3m,92,Industrials,XLI,VT,0.28548377,consensus:no->yes,swf_signal_states,57.84544000,70.35788000,0.216308148058,62.62597000,73.15907000,0.168190608465,0.048117539593,2012,0.035208317151,0.030260912626,0.004947404525,0.181099830907,0.043170135068
cross_fund_consensus_gained,Cross-Fund Consensus Gained,2020-05-18,2020-05-18,2020-11-18,2020-11-18,6,6m,184,Industrials,XLI,VT,0.28548377,consensus:no->yes,swf_signal_states,57.84544000,80.27493000,0.387748628068,62.62597000,78.20721000,0.248798381885,0.138950246183,1951,0.069268253360,0.060370714860,0.008897538500,0.318480374708,0.130052707683
pif_expanding,PIF Expanding,2020-05-18,2020-05-18,2020-06-18,2020-06-18,1,1m,31,,SPY,CASH,2.20000000,state_change:stable->expanding,swf_signal_states,271.25558000,286.68496000,0.056881336782,1.00000000,1.00000000,0.000000000000,0.056881336782,1841,0.014817152818,0.000000000000,0.014817152818,0.042064183964,0.042064183964
pif_expanding,PIF Expanding,2020-05-18,2020-05-18,2020-08-18,2020-08-18,3,3m,92,,SPY,CASH,2.20000000,state_change:stable->expanding,swf_signal_states,271.25558000,312.74753000,0.152962567627,1.00000000,1.00000000,0.000000000000,0.152962567627,1800,0.040840012481,0.000000000000,0.040840012481,0.112122555146,0.112122555146
pif_expanding,PIF Expanding,2020-05-18,2020-05-18,2020-11-18,2020-11-18,6,6m,184,,SPY,CASH,2.20000000,state_change:stable->expanding,swf_signal_states,271.25558000,330.35086000,0.217858301754,1.00000000,1.00000000,0.000000000000,0.217858301754,1738,0.080778947711,0.000000000000,0.080778947711,0.137079354043,0.137079354043
cross_fund_consensus_lost,Cross-Fund Consensus Lost,2020-08-17,2020-08-17,2020-09-17,2020-09-17,1,1m,31,Financials,XLF,VT,0.40854484,consensus:yes->no,swf_signal_states,22.36083000,22.33374000,-0.001211493491,73.09667400,72.98079000,-0.001585352570,0.000373859079,2054,0.010157748165,0.010592954069,-0.000435205904,-0.011369241656,0.000809064983
cross_fund_consensus_lost,Cross-Fund Consensus Lost,2020-08-17,2020-08-17,2020-11-17,2020-11-17,3,3m,92,Financials,XLF,VT,0.40854484,consensus:yes->no,swf_signal_states,22.36083000,25.05319100,0.120405235405,73.09667400,78.88804000,0.079228857937,0.041176377468,2012,0.029581248163,0.030260912626,-0.000679664463,0.090823987242,0.041856041931
cross_fund_consensus_lost,Cross-Fund Consensus Lost,2020-08-17,2020-08-17,2021-02-17,2021-02-17,6,6m,184,Financials,XLF,VT,0.40854484,consensus:yes->no,swf_signal_states,22.36083000,29.41357000,0.315406002371,73.09667400,88.66986000,0.213049173756,0.102356828615,1951,0.061779607350,0.060370714860,0.001408892490,0.253626395021,0.100947936125
cross_fund_consensus_lost,Cross-Fund Consensus Lost,2020-08-17,2020-08-17,2020-09-17,2020-09-17,1,1m,31,Industrials,XLI,VT,0.27641182,consensus:yes->no,swf_signal_states,70.74290000,73.03468300,0.032395943621,73.09667400,72.98079000,-0.001585352570,0.033981296191,2054,0.011959873404,0.010592954069,0.001366919335,0.020436070217,0.032614376856
cross_fund_consensus_lost,Cross-Fund Consensus Lost,2020-08-17,2020-08-17,2020-11-17,2020-11-17,3,3m,92,Industrials,XLI,VT,0.27641182,consensus:yes->no,swf_signal_states,70.74290000,80.63383000,0.139815161663,73.09667400,78.88804000,0.079228857937,0.060586303726,2012,0.035208317151,0.030260912626,0.004947404525,0.104606844512,0.055638899201
cross_fund_consensus_lost,Cross-Fund Consensus Lost,2020-08-17,2020-08-17,2021-02-17,2021-02-17,6,6m,184,Industrials,XLI,VT,0.27641182,consensus:yes->no,swf_signal_states,70.74290000,83.12821000,0.175074954518,73.09667400,88.66986000,0.213049173756,-0.037974219237,1951,0.069268253360,0.060370714860,0.008897538500,0.105806701158,-0.046871757737
cross_fund_consensus_lost,Cross-Fund Consensus Lost,2020-08-17,2020-08-17,2020-09-17,2020-09-17,1,1m,31,Technology,XLK,VT,0.33731048,consensus:yes->no,swf_signal_states,52.56598000,52.14413000,-0.008025152389,73.09667400,72.98079000,-0.001585352570,-0.006439799819,2054,0.020869478463,0.010592954069,0.010276524394,-0.028894630852,-0.016716324213
cross_fund_consensus_lost,Cross-Fund Consensus Lost,2020-08-17,2020-08-17,2020-11-17,2020-11-17,3,3m,92,Technology,XLK,VT,0.33731048,consensus:yes->no,swf_signal_states,52.56598000,56.04479100,0.066179894297,73.09667400,78.88804000,0.079228857937,-0.013048963640,2012,0.059003636340,0.030260912626,0.028742723714,0.007176257957,-0.041791687354
cross_fund_consensus_lost,Cross-Fund Consensus Lost,2020-08-17,2020-08-17,2021-02-17,2021-02-17,6,6m,184,Technology,XLK,VT,0.33731048,consensus:yes->no,swf_signal_states,52.56598000,63.35172000,0.205184798229,73.09667400,88.66986000,0.213049173756,-0.007864375527,1951,0.117086607610,0.060370714860,0.056715892751,0.088098190619,-0.064580268278
pif_contracting,PIF Contracting,2020-08-17,2020-08-17,2020-09-17,2020-09-17,1,1m,31,,SPY,CASH,1.10000000,state_change:expanding->contracting,swf_signal_states,312.07333500,310.16160000,-0.006125915884,1.00000000,1.00000000,0.000000000000,-0.006125915884,1841,0.014817152818,0.000000000000,0.014817152818,-0.020943068702,-0.020943068702
pif_contracting,PIF Contracting,2020-08-17,2020-08-17,2020-11-17,2020-11-17,3,3m,92,,SPY,CASH,1.10000000,state_change:expanding->contracting,swf_signal_states,312.07333500,334.37500000,0.071462898296,1.00000000,1.00000000,0.000000000000,0.071462898296,1800,0.040840012481,0.000000000000,0.040840012481,0.030622885815,0.030622885815
pif_contracting,PIF Contracting,2020-08-17,2020-08-17,2021-02-17,2021-02-17,6,6m,184,,SPY,CASH,1.10000000,state_change:expanding->contracting,swf_signal_states,312.07333500,365.37720000,0.170805573632,1.00000000,1.00000000,0.000000000000,0.170805573632,1738,0.080778947711,0.000000000000,0.080778947711,0.090026625921,0.090026625921
nbim_overweight_tech,NBIM Overweight Tech,2021-02-26,2021-02-26,2021-03-26,2021-03-26,1,1m,28,Technology,XLK,VT,0.03941300,sector_weight_change,swf_combined_signal_panel,60.46915000,61.64403000,0.019429411526,85.47057000,88.08745500,0.030617380930,-0.011187969404,2054,0.020869478463,0.010592954069,0.010276524394,-0.001440066937,-0.021464493798
nbim_overweight_tech,NBIM Overweight Tech,2021-02-26,2021-02-26,2021-05-26,2021-05-26,3,3m,89,Technology,XLK,VT,0.03941300,sector_weight_change,swf_combined_signal_panel,60.46915000,64.41795000,0.065302720478,85.47057000,92.58716000,0.083263630978,-0.017960910500,2012,0.059003636340,0.030260912626,0.028742723714,0.006299084138,-0.046703634214
nbim_overweight_tech,NBIM Overweight Tech,2021-02-26,2021-02-26,2021-08-26,2021-08-26,6,6m,181,Technology,XLK,VT,0.03941300,sector_weight_change,swf_combined_signal_panel,60.46915000,72.97739000,0.206853246656,85.47057000,95.51613000,0.117532385709,0.089320860947,1951,0.117086607610,0.060370714860,0.056715892751,0.089766639046,0.032604968196
nbim_positive_industry_weight_change,NBIM Positive Industry Weight Change,2021-02-26,2021-02-26,2021-03-26,2021-03-26,1,1m,28,Consumer Discretionary,XLY,VT,0.00745300,sector_weight_change,swf_combined_signal_panel,74.35889000,76.86761000,0.033737996896,85.47057000,88.08745500,0.030617380930,0.003120615966,2054,0.012452478862,0.010592954069,0.001859524793,0.021285518034,0.001261091173
nbim_positive_industry_weight_change,NBIM Positive Industry Weight Change,2021-02-26,2021-02-26,2021-05-26,2021-05-26,3,3m,89,Consumer Discretionary,XLY,VT,0.00745300,sector_weight_change,swf_combined_signal_panel,74.35889000,79.79771000,0.073142834703,85.47057000,92.58716000,0.083263630978,-0.010120796275,2012,0.036137757645,0.030260912626,0.005876845019,0.037005077058,-0.015997641294
nbim_positive_industry_weight_change,NBIM Positive Industry Weight Change,2021-02-26,2021-02-26,2021-08-26,2021-08-26,6,6m,181,Consumer Discretionary,XLY,VT,0.00745300,sector_weight_change,swf_combined_signal_panel,74.35889000,83.66032000,0.125088338462,85.47057000,95.51613000,0.117532385709,0.007555952753,1951,0.070629430411,0.060370714860,0.010258715552,0.054458908051,-0.002702762799
nbim_positive_industry_weight_change,NBIM Positive Industry Weight Change,2021-02-26,2021-02-26,2021-03-26,2021-03-26,1,1m,28,Technology,XLK,VT,0.03941300,sector_weight_change,swf_combined_signal_panel,60.46915000,61.64403000,0.019429411526,85.47057000,88.08745500,0.030617380930,-0.011187969404,2054,0.020869478463,0.010592954069,0.010276524394,-0.001440066937,-0.021464493798
nbim_positive_industry_weight_change,NBIM Positive Industry Weight Change,2021-02-26,2021-02-26,2021-05-26,2021-05-26,3,3m,89,Technology,XLK,VT,0.03941300,sector_weight_change,swf_combined_signal_panel,60.46915000,64.41795000,0.065302720478,85.47057000,92.58716000,0.083263630978,-0.017960910500,2012,0.059003636340,0.030260912626,0.028742723714,0.006299084138,-0.046703634214
nbim_positive_industry_weight_change,NBIM Positive Industry Weight Change,2021-02-26,2021-02-26,2021-08-26,2021-08-26,6,6m,181,Technology,XLK,VT,0.03941300,sector_weight_change,swf_combined_signal_panel,60.46915000,72.97739000,0.206853246656,85.47057000,95.51613000,0.117532385709,0.089320860947,1951,0.117086607610,0.060370714860,0.056715892751,0.089766639046,0.032604968196
cross_fund_consensus_gained,Cross-Fund Consensus Gained,2021-05-18,2021-05-18,2021-06-18,2021-06-18,1,1m,31,Consumer Discretionary,XLY,VT,0.30391445,consensus:no->yes,swf_signal_states,78.27480000,79.69125000,0.018095862270,91.17761000,91.99984000,0.009017893757,0.009077968513,2054,0.012452478862,0.010592954069,0.001859524793,0.005643383408,0.007218443720
cross_fund_consensus_gained,Cross-Fund Consensus Gained,2021-05-18,2021-05-18,2021-08-18,2021-08-18,3,3m,92,Consumer Discretionary,XLY,VT,0.30391445,consensus:no->yes,swf_signal_states,78.27480000,82.20254000,0.050178857052,91.17761000,94.39016000,0.035233979044,0.014944878009,2012,0.036137757645,0.030260912626,0.005876845019,0.014041099407,0.009068032990
cross_fund_consensus_gained,Cross-Fund Consensus Gained,2021-05-18,2021-05-18,2021-11-18,2021-11-18,6,6m,184,Consumer Discretionary,XLY,VT,0.30391445,consensus:no->yes,swf_signal_states,78.27480000,98.02400200,0.252306003976,91.17761000,99.09936400,0.086882667795,0.165423336180,1951,0.070629430411,0.060370714860,0.010258715552,0.181676573565,0.155164620628
cross_fund_consensus_gained,Cross-Fund Consensus Gained,2021-05-18,2021-05-18,2021-06-18,2021-06-18,1,1m,31,Financials,XLF,VT,0.13805797,consensus:no->yes,swf_signal_states,34.31161000,32.30353000,-0.058524796709,91.17761000,91.99984000,0.009017893757,-0.067542690466,2054,0.010157748165,0.010592954069,-0.000435205904,-0.068682544874,-0.067107484562
cross_fund_consensus_gained,Cross-Fund Consensus Gained,2021-05-18,2021-05-18,2021-08-18,2021-08-18,3,3m,92,Financials,XLF,VT,0.13805797,consensus:no->yes,swf_signal_states,34.31161000,34.74186000,0.012539487363,91.17761000,94.39016000,0.035233979044,-0.022694491681,2012,0.029581248163,0.030260912626,-0.000679664463,-0.017041760800,-0.022014827218
cross_fund_consensus_gained,Cross-Fund Consensus Gained,2021-05-18,2021-05-18,2021-11-18,2021-11-18,6,6m,184,Financials,XLF,VT,0.13805797,consensus:no->yes,swf_signal_states,34.31161000,36.47260000,0.062981305745,91.17761000,99.09936400,0.086882667795,-0.023901362051,1951,0.061779607350,0.060370714860,0.001408892490,0.001201698395,-0.025310254541
cross_fund_consensus_gained,Cross-Fund Consensus Gained,2021-05-18,2021-05-18,2021-06-18,2021-06-18,1,1m,31,Technology,XLK,VT,0.51453326,consensus:no->yes,swf_signal_states,62.21554000,66.02095900,0.061165088336,91.17761000,91.99984000,0.009017893757,0.052147194579,2054,0.020869478463,0.010592954069,0.010276524394,0.040295609873,0.041870670185
cross_fund_consensus_gained,Cross-Fund Consensus Gained,2021-05-18,2021-05-18,2021-08-18,2021-08-18,3,3m,92,Technology,XLK,VT,0.51453326,consensus:no->yes,swf_signal_states,62.21554000,71.00943420,0.141345622010,91.17761000,94.39016000,0.035233979044,0.106111642966,2012,0.059003636340,0.030260912626,0.028742723714,0.082341985670,0.077368919252
cross_fund_consensus_gained,Cross-Fund Consensus Gained,2021-05-18,2021-05-18,2021-11-18,2021-11-18,6,6m,184,Technology,XLK,VT,0.51453326,consensus:no->yes,swf_signal_states,62.21554000,79.58864000,0.279240524152,91.17761000,99.09936400,0.086882667795,0.192357856357,1951,0.117086607610,0.060370714860,0.056715892751,0.162153916542,0.135641963606
pif_expanding,PIF Expanding,2021-05-18,2021-05-18,2021-06-18,2021-06-18,1,1m,31,,SPY,CASH,1.20000000,state_change:contracting->expanding,swf_signal_states,384.83334000,388.88112000,0.010518267466,1.00000000,1.00000000,0.000000000000,0.010518267466,1841,0.014817152818,0.000000000000,0.014817152818,-0.004298885352,-0.004298885352
pif_expanding,PIF Expanding,2021-05-18,2021-05-18,2021-08-18,2021-08-18,3,3m,92,,SPY,CASH,1.20000000,state_change:contracting->expanding,swf_signal_states,384.83334000,411.61863000,0.069602311484,1.00000000,1.00000000,0.000000000000,0.069602311484,1800,0.040840012481,0.000000000000,0.040840012481,0.028762299003,0.028762299003
pif_expanding,PIF Expanding,2021-05-18,2021-05-18,2021-11-18,2021-11-18,6,6m,184,,SPY,CASH,1.20000000,state_change:contracting->expanding,swf_signal_states,384.83334000,441.65746000,0.147659035987,1.00000000,1.00000000,0.000000000000,0.147659035987,1738,0.080778947711,0.000000000000,0.080778947711,0.066880088276,0.066880088276
cross_fund_consensus_lost,Cross-Fund Consensus Lost,2021-08-17,2021-08-17,2021-09-17,2021-09-17,1,1m,31,Consumer Discretionary,XLY,VT,0.01234863,consensus:yes->no,swf_signal_states,81.91005000,85.47560000,0.043530067434,95.02578700,95.43440000,0.004300022267,0.039230045167,2054,0.012452478862,0.010592954069,0.001859524793,0.031077588572,0.037370520374
cross_fund_consensus_lost,Cross-Fund Consensus Lost,2021-08-17,2021-08-17,2021-11-17,2021-11-17,3,3m,92,Consumer Discretionary,XLY,VT,0.01234863,consensus:yes->no,swf_signal_states,81.91005000,96.92507000,0.183311083316,95.02578700,99.06290000,0.042484394262,0.140826689054,2012,0.036137757645,0.030260912626,0.005876845019,0.147173325671,0.134949844035
cross_fund_consensus_lost,Cross-Fund Consensus Lost,2021-08-17,2021-08-17,2022-02-17,2022-02-17,6,6m,184,Consumer Discretionary,XLY,VT,0.01234863,consensus:yes->no,swf_signal_states,81.91005000,84.59095000,0.032729805439,95.02578700,92.74948000,-0.023954624022,0.056684429461,1951,0.070629430411,0.060370714860,0.010258715552,-0.037899624972,0.046425713909
cross_fund_consensus_lost,Cross-Fund Consensus Lost,2021-08-17,2021-08-17,2021-09-17,2021-09-17,1,1m,31,Financials,XLF,VT,0.03343698,consensus:yes->no,swf_signal_states,35.17452000,34.59457000,-0.016487787182,95.02578700,95.43440000,0.004300022267,-0.020787809449,2054,0.010157748165,0.010592954069,-0.000435205904,-0.026645535347,-0.020352603545
cross_fund_consensus_lost,Cross-Fund Consensus Lost,2021-08-17,2021-08-17,2021-11-17,2021-11-17,3,3m,92,Financials,XLF,VT,0.03343698,consensus:yes->no,swf_signal_states,35.17452000,36.65750000,0.042160632185,95.02578700,99.06290000,0.042484394262,-0.000323762077,2012,0.029581248163,0.030260912626,-0.000679664463,0.012579384022,0.000355902386
cross_fund_consensus_lost,Cross-Fund Consensus Lost,2021-08-17,2021-08-17,2022-02-17,2022-02-17,6,6m,184,Financials,XLF,VT,0.03343698,consensus:yes->no,swf_signal_states,35.17452000,36.44252000,0.036048821704,95.02578700,92.74948000,-0.023954624022,0.060003445726,1951,0.061779607350,0.060370714860,0.001408892490,-0.025730785646,0.058594553236
cross_fund_consensus_lost,Cross-Fund Consensus Lost,2021-08-17,2021-08-17,2021-09-17,2021-09-17,1,1m,31,Technology,XLK,VT,0.06700817,consensus:yes->no,swf_signal_states,72.00273130,72.50638000,0.006994855485,95.02578700,95.43440000,0.004300022267,0.002694833219,2054,0.020869478463,0.010592954069,0.010276524394,-0.013874622978,-0.007581691175
cross_fund_consensus_lost,Cross-Fund Consensus Lost,2021-08-17,2021-08-17,2021-11-17,2021-11-17,3,3m,92,Technology,XLK,VT,0.06700817,consensus:yes->no,swf_signal_states,72.00273130,78.80244000,0.094436816177,95.02578700,99.06290000,0.042484394262,0.051952421914,2012,0.059003636340,0.030260912626,0.028742723714,0.035433179837,0.023209698200
cross_fund_consensus_lost,Cross-Fund Consensus Lost,2021-08-17,2021-08-17,2022-02-17,2022-02-17,6,6m,184,Technology,XLK,VT,0.06700817,consensus:yes->no,swf_signal_states,72.00273130,72.34004000,0.004684665344,95.02578700,92.74948000,-0.023954624022,0.028639289366,1951,0.117086607610,0.060370714860,0.056715892751,-0.112401942266,-0.028076603385
cross_fund_consensus_gained,Cross-Fund Consensus Gained,2022-03-04,2022-03-04,2022-04-04,2022-04-04,1,1m,31,Communication Services,XLC,VT,0.13504501,consensus:no->yes,swf_signal_states,63.56832000,68.24367000,0.073548427896,89.07586500,94.62535000,0.062300657984,0.011247769912,1976,0.011341730069,0.011043560252,0.000298169817,0.062206697827,0.010949600095
cross_fund_consensus_gained,Cross-Fund Consensus Gained,2022-03-04,2022-03-04,2022-06-04,2022-06-06,3,3m,94,Communication Services,XLC,VT,0.13504501,consensus:no->yes,swf_signal_states,63.56832000,57.43203000,-0.096530630352,89.07586500,86.15446000,-0.032796818757,-0.063733811595,1934,0.035220872737,0.031076062612,0.004144810124,-0.131751503089,-0.067878621719
cross_fund_consensus_gained,Cross-Fund Consensus Gained,2022-03-04,2022-03-04,2022-09-04,2022-09-06,6,6m,186,Communication Services,XLC,VT,0.13504501,consensus:no->yes,swf_signal_states,63.56832000,51.08523100,-0.196372800162,89.07586500,79.85940000,-0.103467589116,-0.092905211046,1873,0.077537875674,0.063845385280,0.013692490393,-0.273910675836,-0.106597701439
nbim_overweight_tech,NBIM Overweight Tech,2022-03-04,2022-03-04,2022-04-04,2022-04-04,1,1m,31,Technology,XLK,VT,0.02000500,sector_weight_change,swf_combined_signal_panel,70.34365000,76.12841000,0.082235709975,89.07586500,94.62535000,0.062300657984,0.019935051991,2054,0.020869478463,0.010592954069,0.010276524394,0.061366231512,0.009658527597
nbim_overweight_tech,NBIM Overweight Tech,2022-03-04,2022-03-04,2022-06-04,2022-06-06,3,3m,94,Technology,XLK,VT,0.02000500,sector_weight_change,swf_combined_signal_panel,70.34365000,66.00593210,-0.061664669092,89.07586500,86.15446000,-0.032796818757,-0.028867850336,2012,0.059003636340,0.030260912626,0.028742723714,-0.120668305432,-0.057610574050
nbim_overweight_tech,NBIM Overweight Tech,2022-03-04,2022-03-04,2022-09-04,2022-09-06,6,6m,186,Technology,XLK,VT,0.02000500,sector_weight_change,swf_combined_signal_panel,70.34365000,62.54272000,-0.110897429974,89.07586500,79.85940000,-0.103467589116,-0.007429840858,1951,0.117086607610,0.060370714860,0.056715892751,-0.227984037584,-0.064145733609
nbim_positive_industry_weight_change,NBIM Positive Industry Weight Change,2022-03-04,2022-03-04,2022-04-04,2022-04-04,1,1m,31,Communication Services,XLC,VT,0.00754400,sector_weight_change,swf_combined_signal_panel,63.56832000,68.24367000,0.073548427896,89.07586500,94.62535000,0.062300657984,0.011247769912,1976,0.011341730069,0.011043560252,0.000298169817,0.062206697827,0.010949600095
nbim_positive_industry_weight_change,NBIM Positive Industry Weight Change,2022-03-04,2022-03-04,2022-06-04,2022-06-06,3,3m,94,Communication Services,XLC,VT,0.00754400,sector_weight_change,swf_combined_signal_panel,63.56832000,57.43203000,-0.096530630352,89.07586500,86.15446000,-0.032796818757,-0.063733811595,1934,0.035220872737,0.031076062612,0.004144810124,-0.131751503089,-0.067878621719
nbim_positive_industry_weight_change,NBIM Positive Industry Weight Change,2022-03-04,2022-03-04,2022-09-04,2022-09-06,6,6m,186,Communication Services,XLC,VT,0.00754400,sector_weight_change,swf_combined_signal_panel,63.56832000,51.08523100,-0.196372800162,89.07586500,79.85940000,-0.103467589116,-0.092905211046,1873,0.077537875674,0.063845385280,0.013692490393,-0.273910675836,-0.106597701439
nbim_positive_industry_weight_change,NBIM Positive Industry Weight Change,2022-03-04,2022-03-04,2022-04-04,2022-04-04,1,1m,31,Consumer Discretionary,XLY,VT,0.03103300,sector_weight_change,swf_combined_signal_panel,80.14470000,88.72454000,0.107054365417,89.07586500,94.62535000,0.062300657984,0.044753707432,2054,0.012452478862,0.010592954069,0.001859524793,0.094601886555,0.042894182639
nbim_positive_industry_weight_change,NBIM Positive Industry Weight Change,2022-03-04,2022-03-04,2022-06-04,2022-06-06,3,3m,94,Consumer Discretionary,XLY,VT,0.03103300,sector_weight_change,swf_combined_signal_panel,80.14470000,72.39349000,-0.096715191398,89.07586500,86.15446000,-0.032796818757,-0.063918372641,2012,0.036137757645,0.030260912626,0.005876845019,-0.132852949043,-0.069795217660
nbim_positive_industry_weight_change,NBIM Positive Industry Weight Change,2022-03-04,2022-03-04,2022-09-04,2022-09-06,6,6m,186,Consumer Discretionary,XLY,VT,0.03103300,sector_weight_change,swf_combined_signal_panel,80.14470000,73.02900000,-0.088785658939,89.07586500,79.85940000,-0.103467589116,0.014681930177,1951,0.070629430411,0.060370714860,0.010258715552,-0.159415089350,0.004423214625
nbim_positive_industry_weight_change,NBIM Positive Industry Weight Change,2022-03-04,2022-03-04,2022-04-04,2022-04-04,1,1m,31,Energy,XLE,VT,0.00758400,sector_weight_change,swf_combined_signal_panel,28.40314000,29.68382000,0.045089380963,89.07586500,94.62535000,0.062300657984,-0.017211277021,2054,0.017294089027,0.010592954069,0.006701134958,0.027795291936,-0.023912411979
nbim_positive_industry_weight_change,NBIM Positive Industry Weight Change,2022-03-04,2022-03-04,2022-06-04,2022-06-06,3,3m,94,Energy,XLE,VT,0.00758400,sector_weight_change,swf_combined_signal_panel,28.40314000,34.39646000,0.211009064491,89.07586500,86.15446000,-0.032796818757,0.243805883247,2012,0.049164131226,0.030260912626,0.018903218600,0.161844933265,0.224902664647
nbim_positive_industry_weight_change,NBIM Positive Industry Weight Change,2022-03-04,2022-03-04,2022-09-04,2022-09-06,6,6m,186,Energy,XLE,VT,0.00758400,sector_weight_change,swf_combined_signal_panel,28.40314000,31.15232000,0.096791411090,89.07586500,79.85940000,-0.103467589116,0.200259000207,1951,0.091031210038,0.060370714860,0.030660495179,0.005760201052,0.169598505028
nbim_positive_industry_weight_change,NBIM Positive Industry Weight Change,2022-03-04,2022-03-04,2022-04-04,2022-04-04,1,1m,31,Real Estate,XLRE,VT,0.06278000,sector_weight_change,swf_combined_signal_panel,40.44756000,42.82168000,0.058696247685,89.07586500,94.62535000,0.062300657984,-0.003604410299,2054,0.008364001606,0.010592954069,-0.002228952463,0.050332246079,-0.001375457836
nbim_positive_industry_weight_change,NBIM Positive Industry Weight Change,2022-03-04,2022-03-04,2022-06-04,2022-06-06,3,3m,94,Real Estate,XLRE,VT,0.06278000,sector_weight_change,swf_combined_signal_panel,40.44756000,38.09760600,-0.058098782720,89.07586500,86.15446000,-0.032796818757,-0.025301963963,2012,0.022758853503,0.030260912626,-0.007502059123,-0.080857636223,-0.017799904840
nbim_positive_industry_weight_change,NBIM Positive Industry Weight Change,2022-03-04,2022-03-04,2022-09-04,2022-09-06,6,6m,186,Real Estate,XLRE,VT,0.06278000,sector_weight_change,swf_combined_signal_panel,40.44756000,36.64505000,-0.094010862460,89.07586500,79.85940000,-0.103467589116,0.009456726656,1951,0.041560892693,0.060370714860,-0.018809822167,-0.135571755153,0.028266548823
nbim_positive_industry_weight_change,NBIM Positive Industry Weight Change,2022-03-04,2022-03-04,2022-04-04,2022-04-04,1,1m,31,Technology,XLK,VT,0.02000500,sector_weight_change,swf_combined_signal_panel,70.34365000,76.12841000,0.082235709975,89.07586500,94.62535000,0.062300657984,0.019935051991,2054,0.020869478463,0.010592954069,0.010276524394,0.061366231512,0.009658527597
nbim_positive_industry_weight_change,NBIM Positive Industry Weight Change,2022-03-04,2022-03-04,2022-06-04,2022-06-06,3,3m,94,Technology,XLK,VT,0.02000500,sector_weight_change,swf_combined_signal_panel,70.34365000,66.00593210,-0.061664669092,89.07586500,86.15446000,-0.032796818757,-0.028867850336,2012,0.059003636340,0.030260912626,0.028742723714,-0.120668305432,-0.057610574050
nbim_positive_industry_weight_change,NBIM Positive Industry Weight Change,2022-03-04,2022-03-04,2022-09-04,2022-09-06,6,6m,186,Technology,XLK,VT,0.02000500,sector_weight_change,swf_combined_signal_panel,70.34365000,62.54272000,-0.110897429974,89.07586500,79.85940000,-0.103467589116,-0.007429840858,1951,0.117086607610,0.060370714860,0.056715892751,-0.227984037584,-0.064145733609
cross_fund_consensus_lost,Cross-Fund Consensus Lost,2022-10-12,2022-10-12,2022-11-12,2022-11-14,1,1m,33,Communication Services,XLC,VT,0.00754400,consensus:yes->no,swf_signal_states,45.85857000,47.96712000,0.045979410173,73.29365000,82.01398800,0.118978083367,-0.072998673194,1976,0.011341730069,0.011043560252,0.000298169817,0.034637680104,-0.073296843011
cross_fund_consensus_lost,Cross-Fund Consensus Lost,2022-10-12,2022-10-12,2023-01-12,2023-01-12,3,3m,92,Communication Services,XLC,VT,0.00754400,consensus:yes->no,swf_signal_states,45.85857000,50.36238000,0.098210868765,73.29365000,85.03825800,0.160240457393,-0.062029588628,1934,0.035220872737,0.031076062612,0.004144810124,0.062989996028,-0.066174398752
cross_fund_consensus_lost,Cross-Fund Consensus Lost,2022-10-12,2022-10-12,2023-04-12,2023-04-12,6,6m,182,Communication Services,XLC,VT,0.00754400,consensus:yes->no,swf_signal_states,45.85857000,56.17101000,0.224874870717,73.29365000,86.79312000,0.184183350127,0.040691520590,1873,0.077537875674,0.063845385280,0.013692490393,0.147336995043,0.026999030197
cross_fund_consensus_gained,Cross-Fund Consensus Gained,2022-11-15,2022-11-15,2022-12-15,2022-12-15,1,1m,30,Communication Services,XLC,VT,0.21702377,consensus:no->yes,swf_signal_states,48.67960000,46.27258000,-0.049446174578,82.84316000,81.63201000,-0.014619794803,-0.034826379776,1976,0.011341730069,0.011043560252,0.000298169817,-0.060787904647,-0.035124549593
cross_fund_consensus_gained,Cross-Fund Consensus Gained,2022-11-15,2022-11-15,2023-02-15,2023-02-15,3,3m,92,Communication Services,XLC,VT,0.21702377,consensus:no->yes,swf_signal_states,48.67960000,54.30991000,0.115660564179,82.84316000,87.63792000,0.057877560441,0.057783003738,1934,0.035220872737,0.031076062612,0.004144810124,0.080439691442,0.053638193614
cross_fund_consensus_gained,Cross-Fund Consensus Gained,2022-11-15,2022-11-15,2023-05-15,2023-05-15,6,6m,181,Communication Services,XLC,VT,0.21702377,consensus:no->yes,swf_signal_states,48.67960000,58.05822200,0.192660210848,82.84316000,87.72526000,0.058931841808,0.133728369040,1873,0.077537875674,0.063845385280,0.013692490393,0.115122335174,0.120035878647
cross_fund_consensus_gained,Cross-Fund Consensus Gained,2022-12-23,2022-12-23,2023-01-23,2023-01-23,1,1m,31,Consumer Discretionary,XLY,VT,0.46556806,consensus:no->yes,swf_signal_states,61.50355000,67.07274700,0.090550821863,81.00266820,86.27709000,0.065114173609,0.025436648254,2054,0.012452478862,0.010592954069,0.001859524793,0.078098343001,0.023577123461
cross_fund_consensus_gained,Cross-Fund Consensus Gained,2022-12-23,2022-12-23,2023-03-23,2023-03-23,3,3m,90,Consumer Discretionary,XLY,VT,0.46556806,consensus:no->yes,swf_signal_states,61.50355000,67.90651000,0.104107161294,81.00266820,83.49765000,0.030801229829,0.073305931465,2012,0.036137757645,0.030260912626,0.005876845019,0.067969403649,0.067429086446
cross_fund_consensus_gained,Cross-Fund Consensus Gained,2022-12-23,2022-12-23,2023-06-23,2023-06-23,6,6m,182,Consumer Discretionary,XLY,VT,0.46556806,consensus:no->yes,swf_signal_states,61.50355000,79.41630000,0.291247415800,81.00266820,89.83478000,0.109034825596,0.182212590204,1951,0.070629430411,0.060370714860,0.010258715552,0.220617985389,0.171953874652
cross_fund_consensus_gained,Cross-Fund Consensus Gained,2022-12-23,2022-12-23,2023-01-23,2023-01-23,1,1m,31,Financials,XLF,VT,0.28875819,consensus:no->yes,swf_signal_states,32.19344000,33.90979000,0.053313656447,81.00266820,86.27709000,0.065114173609,-0.011800517163,2054,0.010157748165,0.010592954069,-0.000435205904,0.043155908282,-0.011365311259
cross_fund_consensus_gained,Cross-Fund Consensus Gained,2022-12-23,2022-12-23,2023-03-23,2023-03-23,3,3m,90,Financials,XLF,VT,0.28875819,consensus:no->yes,swf_signal_states,32.19344000,29.55041000,-0.082098402656,81.00266820,83.49765000,0.030801229829,-0.112899632485,2012,0.029581248163,0.030260912626,-0.000679664463,-0.111679650819,-0.112219968022
cross_fund_consensus_gained,Cross-Fund Consensus Gained,2022-12-23,2022-12-23,2023-06-23,2023-06-23,6,6m,182,Financials,XLF,VT,0.28875819,consensus:no->yes,swf_signal_states,32.19344000,31.33864000,-0.026551993201,81.00266820,89.83478000,0.109034825596,-0.135586818797,1951,0.061779607350,0.060370714860,0.001408892490,-0.088331600551,-0.136995711287
cross_fund_consensus_gained,Cross-Fund Consensus Gained,2022-12-23,2022-12-23,2023-01-23,2023-01-23,1,1m,31,Real Estate,XLRE,VT,0.17387977,consensus:no->yes,swf_signal_states,33.23974000,35.25672000,0.060679776677,81.00266820,86.27709000,0.065114173609,-0.004434396932,2054,0.008364001606,0.010592954069,-0.002228952463,0.052315775071,-0.002205444469
cross_fund_consensus_gained,Cross-Fund Consensus Gained,2022-12-23,2022-12-23,2023-03-23,2023-03-23,3,3m,90,Real Estate,XLRE,VT,0.17387977,consensus:no->yes,swf_signal_states,33.23974000,31.25371000,-0.059748662294,81.00266820,83.49765000,0.030801229829,-0.090549892123,2012,0.022758853503,0.030260912626,-0.007502059123,-0.082507515797,-0.083047833000
cross_fund_consensus_gained,Cross-Fund Consensus Gained,2022-12-23,2022-12-23,2023-06-23,2023-06-23,6,6m,182,Real Estate,XLRE,VT,0.17387977,consensus:no->yes,swf_signal_states,33.23974000,32.68136000,-0.016798567016,81.00266820,89.83478000,0.109034825596,-0.125833392612,1951,0.041560892693,0.060370714860,-0.018809822167,-0.058359459709,-0.107023570445
cross_fund_consensus_gained,Cross-Fund Consensus Gained,2022-12-23,2022-12-23,2023-01-23,2023-01-23,1,1m,31,Technology,XLK,VT,0.75980310,consensus:no->yes,swf_signal_states,59.68067000,64.34112000,0.078089773456,81.00266820,86.27709000,0.065114173609,0.012975599847,2054,0.020869478463,0.010592954069,0.010276524394,0.057220294993,0.002699075453
cross_fund_consensus_gained,Cross-Fund Consensus Gained,2022-12-23,2022-12-23,2023-03-23,2023-03-23,3,3m,90,Technology,XLK,VT,0.75980310,consensus:no->yes,swf_signal_states,59.68067000,70.03628100,0.173517003077,81.00266820,83.49765000,0.030801229829,0.142715773247,2012,0.059003636340,0.030260912626,0.028742723714,0.114513366737,0.113973049533
cross_fund_consensus_gained,Cross-Fund Consensus Gained,2022-12-23,2022-12-23,2023-06-23,2023-06-23,6,6m,182,Technology,XLK,VT,0.75980310,consensus:no->yes,swf_signal_states,59.68067000,81.47368000,0.365160277189,81.00266820,89.83478000,0.109034825596,0.256125451593,1951,0.117086607610,0.060370714860,0.056715892751,0.248073669579,0.199409558842
pif_expanding,PIF Expanding,2022-12-23,2022-12-23,2023-01-23,2023-01-23,1,1m,31,,SPY,CASH,2.00000000,state_change:stable->expanding,swf_signal_states,367.12696000,384.11657000,0.046277206120,1.00000000,1.00000000,0.000000000000,0.046277206120,1841,0.014817152818,0.000000000000,0.014817152818,0.031460053302,0.031460053302
pif_expanding,PIF Expanding,2022-12-23,2022-12-23,2023-03-23,2023-03-23,3,3m,90,,SPY,CASH,2.00000000,state_change:stable->expanding,swf_signal_states,367.12696000,378.39747000,0.030699216424,1.00000000,1.00000000,0.000000000000,0.030699216424,1800,0.040840012481,0.000000000000,0.040840012481,-0.010140796057,-0.010140796057
pif_expanding,PIF Expanding,2022-12-23,2022-12-23,2023-06-23,2023-06-23,6,6m,182,,SPY,CASH,2.00000000,state_change:stable->expanding,swf_signal_states,367.12696000,418.47639000,0.139868316944,1.00000000,1.00000000,0.000000000000,0.139868316944,1738,0.080778947711,0.000000000000,0.080778947711,0.059089369233,0.059089369233
cross_fund_consensus_lost,Cross-Fund Consensus Lost,2023-02-15,2023-02-15,2023-03-15,2023-03-15,1,1m,28,Consumer Discretionary,XLY,VT,0.15288950,consensus:yes->no,swf_signal_states,73.13139000,66.82565000,-0.086224807159,87.63792000,81.91302000,-0.065324462288,-0.020900344871,2054,0.012452478862,0.010592954069,0.001859524793,-0.098677286021,-0.022759869664
cross_fund_consensus_lost,Cross-Fund Consensus Lost,2023-02-15,2023-02-15,2023-05-15,2023-05-15,3,3m,89,Consumer Discretionary,XLY,VT,0.15288950,consensus:yes->no,swf_signal_states,73.13139000,70.76543000,-0.032352181464,87.63792000,87.72526000,0.000996600558,-0.033348782022,2012,0.036137757645,0.030260912626,0.005876845019,-0.068489939109,-0.039225627041
cross_fund_consensus_lost,Cross-Fund Consensus Lost,2023-02-15,2023-02-15,2023-08-15,2023-08-15,6,6m,181,Consumer Discretionary,XLY,VT,0.15288950,consensus:yes->no,swf_signal_states,73.13139000,80.60190000,0.102151894009,87.63792000,91.33234000,0.042155496160,0.059996397849,1951,0.070629430411,0.060370714860,0.010258715552,0.031522463598,0.049737682297
cross_fund_consensus_lost,Cross-Fund Consensus Lost,2023-02-15,2023-02-15,2023-03-15,2023-03-15,1,1m,28,Financials,XLF,VT,0.17098796,consensus:yes->no,swf_signal_states,34.84857000,29.78486000,-0.145306105817,87.63792000,81.91302000,-0.065324462288,-0.079981643530,2054,0.010157748165,0.010592954069,-0.000435205904,-0.155463853982,-0.079546437626
cross_fund_consensus_lost,Cross-Fund Consensus Lost,2023-02-15,2023-02-15,2023-05-15,2023-05-15,3,3m,89,Financials,XLF,VT,0.17098796,consensus:yes->no,swf_signal_states,34.84857000,30.64628000,-0.120587157522,87.63792000,87.72526000,0.000996600558,-0.121583758080,2012,0.029581248163,0.030260912626,-0.000679664463,-0.150168405685,-0.120904093617
cross_fund_consensus_lost,Cross-Fund Consensus Lost,2023-02-15,2023-02-15,2023-08-15,2023-08-15,6,6m,181,Financials,XLF,VT,0.17098796,consensus:yes->no,swf_signal_states,34.84857000,32.74572000,-0.060342504728,87.63792000,91.33234000,0.042155496160,-0.102498000888,1951,0.061779607350,0.060370714860,0.001408892490,-0.122122112078,-0.103906893378
cross_fund_consensus_lost,Cross-Fund Consensus Lost,2023-02-15,2023-02-15,2023-03-15,2023-03-15,1,1m,28,Real Estate,XLRE,VT,0.06542975,consensus:yes->no,swf_signal_states,36.01868200,33.23974000,-0.077152795319,87.63792000,81.91302000,-0.065324462288,-0.011828333031,2054,0.008364001606,0.010592954069,-0.002228952463,-0.085516796925,-0.009599380568
cross_fund_consensus_lost,Cross-Fund Consensus Lost,2023-02-15,2023-02-15,2023-05-15,2023-05-15,3,3m,89,Real Estate,XLRE,VT,0.06542975,consensus:yes->no,swf_signal_states,36.01868200,33.42034000,-0.072138730673,87.63792000,87.72526000,0.000996600558,-0.073135331231,2012,0.022758853503,0.030260912626,-0.007502059123,-0.094897584176,-0.065633272108
cross_fund_consensus_lost,Cross-Fund Consensus Lost,2023-02-15,2023-02-15,2023-08-15,2023-08-15,6,6m,181,Real Estate,XLRE,VT,0.06542975,consensus:yes->no,swf_signal_states,36.01868200,33.54715000,-0.068618057707,87.63792000,91.33234000,0.042155496160,-0.110773553866,1951,0.041560892693,0.060370714860,-0.018809822167,-0.110178950400,-0.091963731699
cross_fund_consensus_lost,Cross-Fund Consensus Lost,2023-02-15,2023-02-15,2023-03-15,2023-03-15,1,1m,28,Technology,XLK,VT,0.03869474,consensus:yes->no,swf_signal_states,69.01594700,66.93240000,-0.030189356092,87.63792000,81.91302000,-0.065324462288,0.035135106196,2054,0.020869478463,0.010592954069,0.010276524394,-0.051058834555,0.024858581802
cross_fund_consensus_lost,Cross-Fund Consensus Lost,2023-02-15,2023-02-15,2023-05-15,2023-05-15,3,3m,89,Technology,XLK,VT,0.03869474,consensus:yes->no,swf_signal_states,69.01594700,73.22106000,0.060929584868,87.63792000,87.72526000,0.000996600558,0.059932984310,2012,0.059003636340,0.030260912626,0.028742723714,0.001925948528,0.031190260596
cross_fund_consensus_lost,Cross-Fund Consensus Lost,2023-02-15,2023-02-15,2023-08-15,2023-08-15,6,6m,181,Technology,XLK,VT,0.03869474,consensus:yes->no,swf_signal_states,69.01594700,81.10653000,0.175185352452,87.63792000,91.33234000,0.042155496160,0.133029856292,1951,0.117086607610,0.060370714860,0.056715892751,0.058098744842,0.076313963541
cross_fund_consensus_lost,Cross-Fund Consensus Lost,2023-03-08,2023-03-08,2023-04-08,2023-04-10,1,1m,33,Communication Services,XLC,VT,0.14048781,consensus:yes->no,swf_signal_states,52.34097000,56.90654000,0.087227462540,84.91625000,86.70837000,0.021104558904,0.066122903637,1976,0.011341730069,0.011043560252,0.000298169817,0.075885732471,0.065824733820
cross_fund_consensus_lost,Cross-Fund Consensus Lost,2023-03-08,2023-03-08,2023-06-08,2023-06-08,3,3m,92,Communication Services,XLC,VT,0.14048781,consensus:yes->no,swf_signal_states,52.34097000,61.15517000,0.168399630347,84.91625000,89.72137000,0.056586577952,0.111813052395,1934,0.035220872737,0.031076062612,0.004144810124,0.133178757610,0.107668242271
cross_fund_consensus_lost,Cross-Fund Consensus Lost,2023-03-08,2023-03-08,2023-09-08,2023-09-08,6,6m,184,Communication Services,XLC,VT,0.14048781,consensus:yes->no,swf_signal_states,52.34097000,64.90872000,0.240113051019,84.91625000,91.49347000,0.077455375149,0.162657675870,1873,0.077537875674,0.063845385280,0.013692490393,0.162575175345,0.148965185477
nbim_positive_industry_weight_change,NBIM Positive Industry Weight Change,2023-03-08,2023-03-08,2023-04-08,2023-04-10,1,1m,33,Consumer Staples,XLP,VT,0.00649100,sector_weight_change,swf_combined_signal_panel,66.19467000,69.48944000,0.049773947056,84.91625000,86.70837000,0.021104558904,0.028669388153,2054,0.007992702813,0.010592954069,-0.002600251256,0.041781244243,0.031269639409
nbim_positive_industry_weight_change,NBIM Positive Industry Weight Change,2023-03-08,2023-03-08,2023-06-08,2023-06-08,3,3m,92,Consumer Staples,XLP,VT,0.00649100,sector_weight_change,swf_combined_signal_panel,66.19467000,67.52537000,0.020102827010,84.91625000,89.72137000,0.056586577952,-0.036483750942,2012,0.023698316299,0.030260912626,-0.006562596327,-0.003595489289,-0.029921154615
nbim_positive_industry_weight_change,NBIM Positive Industry Weight Change,2023-03-08,2023-03-08,2023-09-08,2023-09-08,6,6m,184,Consumer Staples,XLP,VT,0.00649100,sector_weight_change,swf_combined_signal_panel,66.19467000,66.58031000,0.005825846703,84.91625000,91.49347000,0.077455375149,-0.071629528446,1951,0.046600644164,0.060370714860,-0.013770070696,-0.040774797461,-0.057859457750
nbim_positive_industry_weight_change,NBIM Positive Industry Weight Change,2023-03-08,2023-03-08,2023-04-08,2023-04-10,1,1m,33,Energy,XLE,VT,0.00676700,sector_weight_change,swf_combined_signal_panel,34.80137000,35.83856000,0.029803137060,84.91625000,86.70837000,0.021104558904,0.008698578157,2054,0.017294089027,0.010592954069,0.006701134958,0.012509048033,0.001997443199
nbim_positive_industry_weight_change,NBIM Positive Industry Weight Change,2023-03-08,2023-03-08,2023-06-08,2023-06-08,3,3m,92,Energy,XLE,VT,0.00676700,sector_weight_change,swf_combined_signal_panel,34.80137000,34.21524000,-0.016842153053,84.91625000,89.72137000,0.056586577952,-0.073428731005,2012,0.049164131226,0.030260912626,0.018903218600,-0.066006284279,-0.092331949605
nbim_positive_industry_weight_change,NBIM Positive Industry Weight Change,2023-03-08,2023-03-08,2023-09-08,2023-09-08,6,6m,184,Energy,XLE,VT,0.00676700,sector_weight_change,swf_combined_signal_panel,34.80137000,39.18437000,0.125943317749,84.91625000,91.49347000,0.077455375149,0.048487942600,1951,0.091031210038,0.060370714860,0.030660495179,0.034912107711,0.017827447421
nbim_positive_industry_weight_change,NBIM Positive Industry Weight Change,2023-03-08,2023-03-08,2023-04-08,2023-04-10,1,1m,33,Financials,XLF,VT,0.01623200,sector_weight_change,swf_combined_signal_panel,33.15119000,30.55099000,-0.078434590131,84.91625000,86.70837000,0.021104558904,-0.099539149034,2054,0.010157748165,0.010592954069,-0.000435205904,-0.088592338296,-0.099103943130
nbim_positive_industry_weight_change,NBIM Positive Industry Weight Change,2023-03-08,2023-03-08,2023-06-08,2023-06-08,3,3m,92,Financials,XLF,VT,0.01623200,sector_weight_change,swf_combined_signal_panel,33.15119000,31.58016000,-0.047389852370,84.91625000,89.72137000,0.056586577952,-0.103976430322,2012,0.029581248163,0.030260912626,-0.000679664463,-0.076971100533,-0.103296765859
nbim_positive_industry_weight_change,NBIM Positive Industry Weight Change,2023-03-08,2023-03-08,2023-09-08,2023-09-08,6,6m,184,Financials,XLF,VT,0.01623200,sector_weight_change,swf_combined_signal_panel,33.15119000,32.83187000,-0.009632233413,84.91625000,91.49347000,0.077455375149,-0.087087608562,1951,0.061779607350,0.060370714860,0.001408892490,-0.071411840763,-0.088496501052
nbim_positive_industry_weight_change,NBIM Positive Industry Weight Change,2023-03-08,2023-03-08,2023-04-08,2023-04-10,1,1m,33,Health Care,XLV,VT,0.01477500,sector_weight_change,swf_combined_signal_panel,119.75252000,126.95431000,0.060138943214,84.91625000,86.70837000,0.021104558904,0.039034384310,2054,0.008242562611,0.010592954069,-0.002350391458,0.051896380603,0.041384775768
nbim_positive_industry_weight_change,NBIM Positive Industry Weight Change,2023-03-08,2023-03-08,2023-06-08,2023-06-08,3,3m,92,Health Care,XLV,VT,0.01477500,sector_weight_change,swf_combined_signal_panel,119.75252000,123.70981000,0.033045567642,84.91625000,89.72137000,0.056586577952,-0.023541010309,2012,0.025254676609,0.030260912626,-0.005006236017,0.007790891033,-0.018534774292
nbim_positive_industry_weight_change,NBIM Positive Industry Weight Change,2023-03-08,2023-03-08,2023-09-08,2023-09-08,6,6m,184,Health Care,XLV,VT,0.01477500,sector_weight_change,swf_combined_signal_panel,119.75252000,126.16633000,0.053558872916,84.91625000,91.49347000,0.077455375149,-0.023896502233,1951,0.050006191973,0.060370714860,-0.010364522886,0.003552680943,-0.013531979347
cross_fund_consensus_gained,Cross-Fund Consensus Gained,2023-08-15,2023-08-15,2023-09-15,2023-09-15,1,1m,31,Consumer Discretionary,XLY,VT,0.21260037,consensus:no->yes,swf_signal_states,80.60190000,82.45951000,0.023046727186,91.33234000,91.90103000,0.006226600567,0.016820126620,2054,0.012452478862,0.010592954069,0.001859524793,0.010594248324,0.014960601827
cross_fund_consensus_gained,Cross-Fund Consensus Gained,2023-08-15,2023-08-15,2023-11-15,2023-11-15,3,3m,92,Consumer Discretionary,XLY,VT,0.21260037,consensus:no->yes,swf_signal_states,80.60190000,80.80622000,0.002534927837,91.33234000,92.40958000,0.011794726819,-0.009259798982,2012,0.036137757645,0.030260912626,0.005876845019,-0.033602829808,-0.015136644001
cross_fund_consensus_gained,Cross-Fund Consensus Gained,2023-08-15,2023-08-15,2024-02-15,2024-02-15,6,6m,184,Consumer Discretionary,XLY,VT,0.21260037,consensus:no->yes,swf_signal_states,80.60190000,87.06027800,0.080126870458,91.33234000,101.90426000,0.115752207816,-0.035625337358,1951,0.070629430411,0.060370714860,0.010258715552,0.009497440047,-0.045884052910
cross_fund_consensus_gained,Cross-Fund Consensus Gained,2023-11-15,2023-11-15,2023-12-15,2023-12-15,1,1m,30,Health Care,XLV,VT,0.11489994,consensus:no->yes,swf_signal_states,122.74870000,128.69621000,0.048452733104,92.40958000,96.90204000,0.048614656619,-0.000161923515,2054,0.008242562611,0.010592954069,-0.002350391458,0.040210170493,0.002188467943
cross_fund_consensus_gained,Cross-Fund Consensus Gained,2023-11-15,2023-11-15,2024-02-15,2024-02-15,3,3m,92,Health Care,XLV,VT,0.11489994,consensus:no->yes,swf_signal_states,122.74870000,139.85926000,0.139395040436,92.40958000,101.90426000,0.102745624426,0.036649416011,2012,0.025254676609,0.030260912626,-0.005006236017,0.114140363827,0.041655652028
cross_fund_consensus_gained,Cross-Fund Consensus Gained,2023-11-15,2023-11-15,2024-05-15,2024-05-15,6,6m,182,Health Care,XLV,VT,0.11489994,consensus:no->yes,swf_signal_states,122.74870000,141.37778000,0.151766006483,92.40958000,108.36470000,0.172656557902,-0.020890551419,1951,0.050006191973,0.060370714860,-0.010364522886,0.101759814510,-0.010526028533
cross_fund_consensus_gained,Cross-Fund Consensus Gained,2024-02-15,2024-02-15,2024-03-15,2024-03-15,1,1m,29,Technology,XLK,VT,0.08795619,consensus:no->yes,swf_signal_states,99.62616000,100.20117000,0.005771676837,101.90426000,104.13719000,0.021912037828,-0.016140360992,2054,0.020869478463,0.010592954069,0.010276524394,-0.015097801626,-0.026416885386
cross_fund_consensus_gained,Cross-Fund Consensus Gained,2024-02-15,2024-02-15,2024-05-15,2024-05-15,3,3m,90,Technology,XLK,VT,0.08795619,consensus:no->yes,swf_signal_states,99.62616000,104.14957000,0.045403837707,101.90426000,108.36470000,0.063397153367,-0.017993315660,2012,0.059003636340,0.030260912626,0.028742723714,-0.013599798633,-0.046736039374
cross_fund_consensus_gained,Cross-Fund Consensus Gained,2024-02-15,2024-02-15,2024-08-15,2024-08-15,6,6m,182,Technology,XLK,VT,0.08795619,consensus:no->yes,swf_signal_states,99.62616000,108.43922000,0.088461303738,101.90426000,111.03707200,0.089621493743,-0.001160190005,1951,0.117086607610,0.060370714860,0.056715892751,-0.028625303872,-0.057876082756
cross_fund_consensus_lost,Cross-Fund Consensus Lost,2024-02-15,2024-02-15,2024-03-15,2024-03-15,1,1m,29,Health Care,XLV,VT,0.01497514,consensus:yes->no,swf_signal_states,139.85926000,140.06160700,0.001446790152,101.90426000,104.13719000,0.021912037828,-0.020465247677,2054,0.008242562611,0.010592954069,-0.002350391458,-0.006795772459,-0.018114856219
cross_fund_consensus_lost,Cross-Fund Consensus Lost,2024-02-15,2024-02-15,2024-05-15,2024-05-15,3,3m,90,Health Care,XLV,VT,0.01497514,consensus:yes->no,swf_signal_states,139.85926000,141.37778000,0.010857486304,101.90426000,108.36470000,0.063397153367,-0.052539667063,2012,0.025254676609,0.030260912626,-0.005006236017,-0.014397190305,-0.047533431046
cross_fund_consensus_lost,Cross-Fund Consensus Lost,2024-02-15,2024-02-15,2024-08-15,2024-08-15,6,6m,182,Health Care,XLV,VT,0.01497514,consensus:yes->no,swf_signal_states,139.85926000,148.24896000,0.059986732377,101.90426000,111.03707200,0.089621493743,-0.029634761367,1951,0.050006191973,0.060370714860,-0.010364522886,0.009980540404,-0.019270238481
nbim_overweight_tech,NBIM Overweight Tech,2024-02-28,2024-02-28,2024-03-28,2024-03-28,1,1m,29,Technology,XLK,VT,0.04607400,sector_weight_change,swf_combined_signal_panel,99.74798000,101.82243000,0.020796912379,102.70046000,106.40984000,0.036118436081,-0.015321523702,2054,0.020869478463,0.010592954069,0.010276524394,-0.000072566084,-0.025598048096
nbim_overweight_tech,NBIM Overweight Tech,2024-02-28,2024-02-28,2024-05-28,2024-05-28,3,3m,90,Technology,XLK,VT,0.04607400,sector_weight_change,swf_combined_signal_panel,99.74798000,105.65049000,0.059174230897,102.70046000,107.75802000,0.049245738529,0.009928492367,2012,0.059003636340,0.030260912626,0.028742723714,0.000170594557,-0.018814231347
nbim_overweight_tech,NBIM Overweight Tech,2024-02-28,2024-02-28,2024-08-28,2024-08-28,6,6m,182,Technology,XLK,VT,0.04607400,sector_weight_change,swf_combined_signal_panel,99.74798000,107.64934000,0.079213233190,102.70046000,112.77928000,0.098138021972,-0.018924788782,1951,0.117086607610,0.060370714860,0.056715892751,-0.037873374420,-0.075640681533
nbim_positive_industry_weight_change,NBIM Positive Industry Weight Change,2024-02-28,2024-02-28,2024-03-28,2024-03-28,1,1m,29,Consumer Discretionary,XLY,VT,0.00708500,sector_weight_change,swf_combined_signal_panel,88.54923000,89.28399000,0.008297757078,102.70046000,106.40984000,0.036118436081,-0.027820679003,2054,0.012452478862,0.010592954069,0.001859524793,-0.004154721784,-0.029680203796
nbim_positive_industry_weight_change,NBIM Positive Industry Weight Change,2024-02-28,2024-02-28,2024-05-28,2024-05-28,3,3m,90,Consumer Discretionary,XLY,VT,0.00708500,sector_weight_change,swf_combined_signal_panel,88.54923000,85.02104700,-0.039844310334,102.70046000,107.75802000,0.049245738529,-0.089090048864,2012,0.036137757645,0.030260912626,0.005876845019,-0.075982067979,-0.094966893883
nbim_positive_industry_weight_change,NBIM Positive Industry Weight Change,2024-02-28,2024-02-28,2024-08-28,2024-08-28,6,6m,182,Consumer Discretionary,XLY,VT,0.00708500,sector_weight_change,swf_combined_signal_panel,88.54923000,89.77929000,0.013891255746,102.70046000,112.77928000,0.098138021972,-0.084246766226,1951,0.070629430411,0.060370714860,0.010258715552,-0.056738174665,-0.094505481778
nbim_positive_industry_weight_change,NBIM Positive Industry Weight Change,2024-02-28,2024-02-28,2024-03-28,2024-03-28,1,1m,29,Technology,XLK,VT,0.04607400,sector_weight_change,swf_combined_signal_panel,99.74798000,101.82243000,0.020796912379,102.70046000,106.40984000,0.036118436081,-0.015321523702,2054,0.020869478463,0.010592954069,0.010276524394,-0.000072566084,-0.025598048096
nbim_positive_industry_weight_change,NBIM Positive Industry Weight Change,2024-02-28,2024-02-28,2024-05-28,2024-05-28,3,3m,90,Technology,XLK,VT,0.04607400,sector_weight_change,swf_combined_signal_panel,99.74798000,105.65049000,0.059174230897,102.70046000,107.75802000,0.049245738529,0.009928492367,2012,0.059003636340,0.030260912626,0.028742723714,0.000170594557,-0.018814231347
nbim_positive_industry_weight_change,NBIM Positive Industry Weight Change,2024-02-28,2024-02-28,2024-08-28,2024-08-28,6,6m,182,Technology,XLK,VT,0.04607400,sector_weight_change,swf_combined_signal_panel,99.74798000,107.64934000,0.079213233190,102.70046000,112.77928000,0.098138021972,-0.018924788782,1951,0.117086607610,0.060370714860,0.056715892751,-0.037873374420,-0.075640681533
cross_fund_consensus_lost,Cross-Fund Consensus Lost,2024-05-16,2024-05-16,2024-06-16,2024-06-17,1,1m,32,Consumer Discretionary,XLY,VT,0.54357279,consensus:yes->no,swf_signal_states,86.32226000,88.10416000,0.020642415989,108.01802300,108.95212000,0.008647603187,0.011994812801,2054,0.012452478862,0.010592954069,0.001859524793,0.008189937127,0.010135288008
cross_fund_consensus_lost,Cross-Fund Consensus Lost,2024-05-16,2024-05-16,2024-08-16,2024-08-16,3,3m,92,Consumer Discretionary,XLY,VT,0.54357279,consensus:yes->no,swf_signal_states,86.32226000,89.29656000,0.034455770736,108.01802300,111.47262000,0.031981672170,0.002474098567,2012,0.036137757645,0.030260912626,0.005876845019,-0.001681986909,-0.003402746452
cross_fund_consensus_lost,Cross-Fund Consensus Lost,2024-05-16,2024-05-16,2024-11-16,2024-11-18,6,6m,186,Consumer Discretionary,XLY,VT,0.54357279,consensus:yes->no,swf_signal_states,86.32226000,105.46890000,0.221804202068,108.01802300,115.79810000,0.072025730373,0.149778471695,1951,0.070629430411,0.060370714860,0.010258715552,0.151174771657,0.139519756143
cross_fund_consensus_lost,Cross-Fund Consensus Lost,2024-05-16,2024-05-16,2024-06-16,2024-06-17,1,1m,32,Technology,XLK,VT,0.81966346,consensus:yes->no,swf_signal_states,103.78779000,112.99370000,0.088699354712,108.01802300,108.95212000,0.008647603187,0.080051751525,2054,0.020869478463,0.010592954069,0.010276524394,0.067829876249,0.069775227131
cross_fund_consensus_lost,Cross-Fund Consensus Lost,2024-05-16,2024-05-16,2024-08-16,2024-08-16,3,3m,92,Technology,XLK,VT,0.81966346,consensus:yes->no,swf_signal_states,103.78779000,108.62075000,0.046565785821,108.01802300,111.47262000,0.031981672170,0.014584113652,2012,0.059003636340,0.030260912626,0.028742723714,-0.012437850519,-0.014158610062
cross_fund_consensus_lost,Cross-Fund Consensus Lost,2024-05-16,2024-05-16,2024-11-16,2024-11-18,6,6m,186,Technology,XLK,VT,0.81966346,consensus:yes->no,swf_signal_states,103.78779000,112.97334000,0.088503185201,108.01802300,115.79810000,0.072025730373,0.016477454828,1951,0.117086607610,0.060370714860,0.056715892751,-0.028583422409,-0.040238437923
pif_contracting,PIF Contracting,2024-05-16,2024-05-16,2024-06-16,2024-06-17,1,1m,32,,SPY,CASH,2.20000000,state_change:stable->contracting,swf_signal_states,516.16759000,534.14151000,0.034821868611,1.00000000,1.00000000,0.000000000000,0.034821868611,1841,0.014817152818,0.000000000000,0.014817152818,0.020004715793,0.020004715793
pif_contracting,PIF Contracting,2024-05-16,2024-05-16,2024-08-16,2024-08-16,3,3m,92,,SPY,CASH,2.20000000,state_change:stable->contracting,swf_signal_states,516.16759000,542.92106000,0.051830976060,1.00000000,1.00000000,0.000000000000,0.051830976060,1800,0.040840012481,0.000000000000,0.040840012481,0.010990963579,0.010990963579
pif_contracting,PIF Contracting,2024-05-16,2024-05-16,2024-11-16,2024-11-18,6,6m,186,,SPY,CASH,2.20000000,state_change:stable->contracting,swf_signal_states,516.16759000,577.82689000,0.119455969717,1.00000000,1.00000000,0.000000000000,0.119455969717,1738,0.080778947711,0.000000000000,0.080778947711,0.038677022006,0.038677022006
nbim_overweight_tech,NBIM Overweight Tech,2024-08-15,2024-08-15,2024-09-15,2024-09-16,1,1m,32,Technology,XLK,VT,0.03275700,sector_weight_change,swf_combined_signal_panel,108.43922000,107.73766000,-0.006469614960,111.03707200,113.33098000,0.020658938125,-0.027128553085,2054,0.020869478463,0.010592954069,0.010276524394,-0.027339093423,-0.037405077479
nbim_overweight_tech,NBIM Overweight Tech,2024-08-15,2024-08-15,2024-11-15,2024-11-15,3,3m,92,Technology,XLK,VT,0.03275700,sector_weight_change,swf_combined_signal_panel,108.43922000,112.60899000,0.038452600452,111.03707200,115.11819000,0.036754553470,0.001698046982,2012,0.059003636340,0.030260912626,0.028742723714,-0.020551035888,-0.027044676732
nbim_overweight_tech,NBIM Overweight Tech,2024-08-15,2024-08-15,2025-02-15,2025-02-18,6,6m,187,Technology,XLK,VT,0.03275700,sector_weight_change,swf_combined_signal_panel,108.43922000,119.62136000,0.103118963785,111.03707200,121.30664000,0.092487741391,0.010631222393,1951,0.117086607610,0.060370714860,0.056715892751,-0.013967643825,-0.046084670358
nbim_positive_industry_weight_change,NBIM Positive Industry Weight Change,2024-08-15,2024-08-15,2024-09-15,2024-09-16,1,1m,32,Technology,XLK,VT,0.03275700,sector_weight_change,swf_combined_signal_panel,108.43922000,107.73766000,-0.006469614960,111.03707200,113.33098000,0.020658938125,-0.027128553085,2054,0.020869478463,0.010592954069,0.010276524394,-0.027339093423,-0.037405077479
nbim_positive_industry_weight_change,NBIM Positive Industry Weight Change,2024-08-15,2024-08-15,2024-11-15,2024-11-15,3,3m,92,Technology,XLK,VT,0.03275700,sector_weight_change,swf_combined_signal_panel,108.43922000,112.60899000,0.038452600452,111.03707200,115.11819000,0.036754553470,0.001698046982,2012,0.059003636340,0.030260912626,0.028742723714,-0.020551035888,-0.027044676732
nbim_positive_industry_weight_change,NBIM Positive Industry Weight Change,2024-08-15,2024-08-15,2025-02-15,2025-02-18,6,6m,187,Technology,XLK,VT,0.03275700,sector_weight_change,swf_combined_signal_panel,108.43922000,119.62136000,0.103118963785,111.03707200,121.30664000,0.092487741391,0.010631222393,1951,0.117086607610,0.060370714860,0.056715892751,-0.013967643825,-0.046084670358
cross_fund_consensus_gained,Cross-Fund Consensus Gained,2024-11-15,2024-11-15,2024-12-15,2024-12-16,1,1m,31,Consumer Discretionary,XLY,VT,1.22659787,consensus:no->yes,swf_signal_states,104.50435000,116.86234000,0.118253355004,115.11819000,118.65372000,0.030712175026,0.087541179978,2054,0.012452478862,0.010592954069,0.001859524793,0.105800876142,0.085681655185
cross_fund_consensus_gained,Cross-Fund Consensus Gained,2024-11-15,2024-11-15,2025-02-15,2025-02-18,3,3m,95,Consumer Discretionary,XLY,VT,1.22659787,consensus:no->yes,swf_signal_states,104.50435000,111.25456000,0.064592622221,115.11819000,121.30664000,0.053757360153,0.010835262068,2012,0.036137757645,0.030260912626,0.005876845019,0.028454864576,0.004958417049
cross_fund_consensus_gained,Cross-Fund Consensus Gained,2024-11-15,2024-11-15,2025-05-15,2025-05-15,6,6m,181,Consumer Discretionary,XLY,VT,1.22659787,consensus:no->yes,swf_signal_states,104.50435000,106.55791000,0.019650473880,115.11819000,120.76921000,0.049088853812,-0.029438379932,1951,0.070629430411,0.060370714860,0.010258715552,-0.050978956531,-0.039697095484
cross_fund_consensus_gained,Cross-Fund Consensus Gained,2024-11-15,2024-11-15,2024-12-15,2024-12-16,1,1m,31,Financials,XLF,VT,0.32182365,consensus:no->yes,swf_signal_states,48.73053000,48.32013000,-0.008421825086,115.11819000,118.65372000,0.030712175026,-0.039134000112,2054,0.010157748165,0.010592954069,-0.000435205904,-0.018579573251,-0.038698794208
cross_fund_consensus_gained,Cross-Fund Consensus Gained,2024-11-15,2024-11-15,2025-02-15,2025-02-18,3,3m,95,Financials,XLF,VT,0.32182365,consensus:no->yes,swf_signal_states,48.73053000,51.19472000,0.050567683134,115.11819000,121.30664000,0.053757360153,-0.003189677019,2012,0.029581248163,0.030260912626,-0.000679664463,0.020986434971,-0.002510012556
cross_fund_consensus_gained,Cross-Fund Consensus Gained,2024-11-15,2024-11-15,2025-05-15,2025-05-15,6,6m,181,Financials,XLF,VT,0.32182365,consensus:no->yes,swf_signal_states,48.73053000,50.50324000,0.036377810789,115.11819000,120.76921000,0.049088853812,-0.012711043023,1951,0.061779607350,0.060370714860,0.001408892490,-0.025401796561,-0.014119935513
cross_fund_consensus_gained,Cross-Fund Consensus Gained,2024-11-15,2024-11-15,2024-12-15,2024-12-16,1,1m,31,Technology,XLK,VT,0.51927213,consensus:no->yes,swf_signal_states,112.60899000,118.87680000,0.055659943314,115.11819000,118.65372000,0.030712175026,0.024947768287,2054,0.020869478463,0.010592954069,0.010276524394,0.034790464851,0.014671243893
cross_fund_consensus_gained,Cross-Fund Consensus Gained,2024-11-15,2024-11-15,2025-02-15,2025-02-18,3,3m,95,Technology,XLK,VT,0.51927213,consensus:no->yes,swf_signal_states,112.60899000,119.62136000,0.062271848811,115.11819000,121.30664000,0.053757360153,0.008514488658,2012,0.059003636340,0.030260912626,0.028742723714,0.003268212471,-0.020228235056
cross_fund_consensus_gained,Cross-Fund Consensus Gained,2024-11-15,2024-11-15,2025-05-15,2025-05-15,6,6m,181,Technology,XLK,VT,0.51927213,consensus:no->yes,swf_signal_states,112.60899000,116.21864000,0.032054723162,115.11819000,120.76921000,0.049088853812,-0.017034130650,1951,0.117086607610,0.060370714860,0.056715892751,-0.085031884448,-0.073750023401
pif_expanding,PIF Expanding,2024-11-15,2024-11-15,2024-12-15,2024-12-16,1,1m,31,,SPY,CASH,2.50000000,state_change:contracting->expanding,swf_signal_states,575.46899000,596.13967000,0.035919711330,1.00000000,1.00000000,0.000000000000,0.035919711330,1841,0.014817152818,0.000000000000,0.014817152818,0.021102558512,0.021102558512
pif_expanding,PIF Expanding,2024-11-15,2024-11-15,2025-02-15,2025-02-18,3,3m,95,,SPY,CASH,2.50000000,state_change:contracting->expanding,swf_signal_states,575.46899000,602.77189000,0.047444606876,1.00000000,1.00000000,0.000000000000,0.047444606876,1800,0.040840012481,0.000000000000,0.040840012481,0.006604594395,0.006604594395
pif_expanding,PIF Expanding,2024-11-15,2024-11-15,2025-05-15,2025-05-15,6,6m,181,,SPY,CASH,2.50000000,state_change:contracting->expanding,swf_signal_states,575.46899000,583.78691000,0.014454158512,1.00000000,1.00000000,0.000000000000,0.014454158512,1738,0.080778947711,0.000000000000,0.080778947711,-0.066324789199,-0.066324789199
cross_fund_consensus_lost,Cross-Fund Consensus Lost,2025-02-18,2025-02-18,2025-03-18,2025-03-18,1,1m,28,Financials,XLF,VT,0.00223565,consensus:yes->no,swf_signal_states,51.19472000,48.11342000,-0.060187847497,121.30664000,115.25941000,-0.049850774863,-0.010337072634,2054,0.010157748165,0.010592954069,-0.000435205904,-0.070345595662,-0.009901866730
cross_fund_consensus_lost,Cross-Fund Consensus Lost,2025-02-18,2025-02-18,2025-05-18,2025-05-19,3,3m,90,Financials,XLF,VT,0.00223565,consensus:yes->no,swf_signal_states,51.19472000,50.83809000,-0.006966148072,121.30664000,121.69201000,0.003176825275,-0.010142973347,2012,0.029581248163,0.030260912626,-0.000679664463,-0.036547396235,-0.009463308884
cross_fund_consensus_lost,Cross-Fund Consensus Lost,2025-02-18,2025-02-18,2025-08-18,2025-08-18,6,6m,181,Financials,XLF,VT,0.00223565,consensus:yes->no,swf_signal_states,51.19472000,51.88136000,0.013412320646,121.30664000,131.63258000,0.085122628077,-0.071710307432,1951,0.061779607350,0.060370714860,0.001408892490,-0.048367286704,-0.073119199922
cross_fund_consensus_lost,Cross-Fund Consensus Lost,2025-02-18,2025-02-18,2025-03-18,2025-03-18,1,1m,28,Technology,XLK,VT,0.08406516,consensus:yes->no,swf_signal_states,119.62136000,104.79712000,-0.123926362315,121.30664000,115.25941000,-0.049850774863,-0.074075587452,2054,0.020869478463,0.010592954069,0.010276524394,-0.144795840778,-0.084352111846
cross_fund_consensus_lost,Cross-Fund Consensus Lost,2025-02-18,2025-02-18,2025-05-18,2025-05-19,3,3m,90,Technology,XLK,VT,0.08406516,consensus:yes->no,swf_signal_states,119.62136000,116.26822000,-0.028031281370,121.30664000,121.69201000,0.003176825275,-0.031208106645,2012,0.059003636340,0.030260912626,0.028742723714,-0.087034917710,-0.059950830359
cross_fund_consensus_lost,Cross-Fund Consensus Lost,2025-02-18,2025-02-18,2025-08-18,2025-08-18,6,6m,181,Technology,XLK,VT,0.08406516,consensus:yes->no,swf_signal_states,119.62136000,132.42884000,0.107066831542,121.30664000,131.63258000,0.085122628077,0.021944203465,1951,0.117086607610,0.060370714860,0.056715892751,-0.010019776068,-0.034771689286
nbim_overweight_tech,NBIM Overweight Tech,2025-02-26,2025-02-26,2025-03-26,2025-03-26,1,1m,28,Technology,XLK,VT,0.01459300,sector_weight_change,swf_combined_signal_panel,114.10858000,105.82365000,-0.072605670844,118.74293000,115.86069000,-0.024272939871,-0.048332730973,2054,0.020869478463,0.010592954069,0.010276524394,-0.093475149307,-0.058609255367
nbim_overweight_tech,NBIM Overweight Tech,2025-02-26,2025-02-26,2025-05-26,2025-05-27,3,3m,90,Technology,XLK,VT,0.01459300,sector_weight_change,swf_combined_signal_panel,114.10858000,115.10330000,0.008717311179,118.74293000,121.62330000,0.024257191565,-0.015539880386,2012,0.059003636340,0.030260912626,0.028742723714,-0.050286325161,-0.044282604100
nbim_overweight_tech,NBIM Overweight Tech,2025-02-26,2025-02-26,2025-08-26,2025-08-26,6,6m,181,Technology,XLK,VT,0.01459300,sector_weight_change,swf_combined_signal_panel,114.10858000,130.81744000,0.146429479711,118.74293000,132.09618200,0.112455133118,0.033974346593,1951,0.117086607610,0.060370714860,0.056715892751,0.029342872101,-0.022741546158
nbim_positive_industry_weight_change,NBIM Positive Industry Weight Change,2025-02-26,2025-02-26,2025-03-26,2025-03-26,1,1m,28,Consumer Discretionary,XLY,VT,0.00730200,sector_weight_change,swf_combined_signal_panel,105.93191000,100.43020000,-0.051936286243,118.74293000,115.86069000,-0.024272939871,-0.027663346372,2054,0.012452478862,0.010592954069,0.001859524793,-0.064388765105,-0.029522871165
nbim_positive_industry_weight_change,NBIM Positive Industry Weight Change,2025-02-26,2025-02-26,2025-05-26,2025-05-27,3,3m,90,Consumer Discretionary,XLY,VT,0.00730200,sector_weight_change,swf_combined_signal_panel,105.93191000,107.17068000,0.011694021188,118.74293000,121.62330000,0.024257191565,-0.012563170377,2012,0.036137757645,0.030260912626,0.005876845019,-0.024443736457,-0.018440015396
nbim_positive_industry_weight_change,NBIM Positive Industry Weight Change,2025-02-26,2025-02-26,2025-08-26,2025-08-26,6,6m,181,Consumer Discretionary,XLY,VT,0.00730200,sector_weight_change,swf_combined_signal_panel,105.93191000,115.97762000,0.094831765046,118.74293000,132.09618200,0.112455133118,-0.017623368072,1951,0.070629430411,0.060370714860,0.010258715552,0.024202334635,-0.027882083624
nbim_positive_industry_weight_change,NBIM Positive Industry Weight Change,2025-02-26,2025-02-26,2025-03-26,2025-03-26,1,1m,28,Technology,XLK,VT,0.01459300,sector_weight_change,swf_combined_signal_panel,114.10858000,105.82365000,-0.072605670844,118.74293000,115.86069000,-0.024272939871,-0.048332730973,2054,0.020869478463,0.010592954069,0.010276524394,-0.093475149307,-0.058609255367
nbim_positive_industry_weight_change,NBIM Positive Industry Weight Change,2025-02-26,2025-02-26,2025-05-26,2025-05-27,3,3m,90,Technology,XLK,VT,0.01459300,sector_weight_change,swf_combined_signal_panel,114.10858000,115.10330000,0.008717311179,118.74293000,121.62330000,0.024257191565,-0.015539880386,2012,0.059003636340,0.030260912626,0.028742723714,-0.050286325161,-0.044282604100
nbim_positive_industry_weight_change,NBIM Positive Industry Weight Change,2025-02-26,2025-02-26,2025-08-26,2025-08-26,6,6m,181,Technology,XLK,VT,0.01459300,sector_weight_change,swf_combined_signal_panel,114.10858000,130.81744000,0.146429479711,118.74293000,132.09618200,0.112455133118,0.033974346593,1951,0.117086607610,0.060370714860,0.056715892751,0.029342872101,-0.022741546158
cross_fund_consensus_gained,Cross-Fund Consensus Gained,2025-05-16,2025-05-16,2025-06-16,2025-06-16,1,1m,31,Technology,XLK,VT,0.05785210,consensus:no->yes,swf_signal_states,116.43675000,120.47677000,0.034697120969,121.35824000,123.73396000,0.019576091413,0.015121029556,2054,0.020869478463,0.010592954069,0.010276524394,0.013827642506,0.004844505162
cross_fund_consensus_gained,Cross-Fund Consensus Gained,2025-05-16,2025-05-16,2025-08-16,2025-08-18,3,3m,94,Technology,XLK,VT,0.05785210,consensus:no->yes,swf_signal_states,116.43675000,132.42884000,0.137345726328,121.35824000,131.63258000,0.084661247559,0.052684478769,2012,0.059003636340,0.030260912626,0.028742723714,0.078342089988,0.023941755055
cross_fund_consensus_gained,Cross-Fund Consensus Gained,2025-05-16,2025-05-16,2025-11-16,2025-11-17,6,6m,185,Technology,XLK,VT,0.05785210,consensus:no->yes,swf_signal_states,116.43675000,141.42992000,0.214650185616,121.35824000,136.30589000,0.123169633970,0.091480551646,1951,0.117086607610,0.060370714860,0.056715892751,0.097563578006,0.034764658895
nbim_positive_industry_weight_change,NBIM Positive Industry Weight Change,2025-08-13,2025-08-13,2025-09-13,2025-09-15,1,1m,33,Financials,XLF,VT,0.01345700,sector_weight_change,swf_combined_signal_panel,52.13829000,53.04745500,0.017437568436,131.87918000,135.49919000,0.027449442740,-0.010011874304,2054,0.010157748165,0.010592954069,-0.000435205904,0.007279820271,-0.009576668400
nbim_positive_industry_weight_change,NBIM Positive Industry Weight Change,2025-08-13,2025-08-13,2025-11-13,2025-11-13,3,3m,92,Financials,XLF,VT,0.01345700,sector_weight_change,swf_combined_signal_panel,52.13829000,52.52749000,0.007464763421,131.87918000,137.86977000,0.045424835065,-0.037960071644,2012,0.029581248163,0.030260912626,-0.000679664463,-0.022116484742,-0.037280407181
nbim_positive_industry_weight_change,NBIM Positive Industry Weight Change,2025-08-13,2025-08-13,2026-02-13,2026-02-13,6,6m,184,Financials,XLF,VT,0.01345700,sector_weight_change,swf_combined_signal_panel,52.13829000,51.38720000,-0.014405727537,131.87918000,145.99789000,0.107057914676,-0.121463642213,1951,0.061779607350,0.060370714860,0.001408892490,-0.076185334887,-0.122872534703
cross_fund_consensus_lost,Cross-Fund Consensus Lost,2025-08-15,2025-08-15,2025-09-15,2025-09-15,1,1m,31,Consumer Discretionary,XLY,VT,0.66761017,consensus:yes->no,swf_signal_states,113.66501000,119.45149000,0.050908190656,131.56354000,135.49919000,0.029914442862,0.020993747794,2054,0.012452478862,0.010592954069,0.001859524793,0.038455711794,0.019134223001
cross_fund_consensus_lost,Cross-Fund Consensus Lost,2025-08-15,2025-08-15,2025-11-15,2025-11-17,3,3m,94,Consumer Discretionary,XLY,VT,0.66761017,consensus:yes->no,swf_signal_states,113.66501000,113.90590000,0.002119297750,131.56354000,136.30589000,0.036046080852,-0.033926783101,2012,0.036137757645,0.030260912626,0.005876845019,-0.034018459895,-0.039803628120
cross_fund_consensus_lost,Cross-Fund Consensus Lost,2025-08-15,2025-08-15,2026-02-15,2026-02-17,6,6m,186,Consumer Discretionary,XLY,VT,0.66761017,consensus:yes->no,swf_signal_states,113.66501000,115.80783000,0.018852063621,131.56354000,145.94800000,0.109334698656,-0.090482635035,1951,0.070629430411,0.060370714860,0.010258715552,-0.051777366790,-0.100741350587
cross_fund_consensus_lost,Cross-Fund Consensus Lost,2025-08-15,2025-08-15,2025-09-15,2025-09-15,1,1m,31,Technology,XLK,VT,0.19752099,consensus:yes->no,swf_signal_states,132.14537000,135.93516000,0.028678946527,131.56354000,135.49919000,0.029914442862,-0.001235496335,2054,0.020869478463,0.010592954069,0.010276524394,0.007809468064,-0.011512020729
cross_fund_consensus_lost,Cross-Fund Consensus Lost,2025-08-15,2025-08-15,2025-11-15,2025-11-17,3,3m,94,Technology,XLK,VT,0.19752099,consensus:yes->no,swf_signal_states,132.14537000,141.42992000,0.070260123378,131.56354000,136.30589000,0.036046080852,0.034214042526,2012,0.059003636340,0.030260912626,0.028742723714,0.011256487038,0.005471318812
cross_fund_consensus_lost,Cross-Fund Consensus Lost,2025-08-15,2025-08-15,2026-02-15,2026-02-17,6,6m,186,Technology,XLK,VT,0.19752099,consensus:yes->no,swf_signal_states,132.14537000,139.30701000,0.054195164008,131.56354000,145.94800000,0.109334698656,-0.055139534648,1951,0.117086607610,0.060370714860,0.056715892751,-0.062891443602,-0.111855427399
pif_contracting,PIF Contracting,2025-08-15,2025-08-15,2025-09-15,2025-09-15,1,1m,31,,SPY,CASH,1.90000000,state_change:stable->contracting,swf_signal_states,638.04328800,655.36673000,0.027150888233,1.00000000,1.00000000,0.000000000000,0.027150888233,1841,0.014817152818,0.000000000000,0.014817152818,0.012333735415,0.012333735415
pif_contracting,PIF Contracting,2025-08-15,2025-08-15,2025-11-15,2025-11-17,3,3m,94,,SPY,CASH,1.90000000,state_change:stable->contracting,swf_signal_states,638.04328800,661.91181000,0.037408938310,1.00000000,1.00000000,0.000000000000,0.037408938310,1800,0.040840012481,0.000000000000,0.040840012481,-0.003431074171,-0.003431074171
pif_contracting,PIF Contracting,2025-08-15,2025-08-15,2026-02-15,2026-02-17,6,6m,186,,SPY,CASH,1.90000000,state_change:stable->contracting,swf_signal_states,638.04328800,680.99525000,0.067318256939,1.00000000,1.00000000,0.000000000000,0.067318256939,1738,0.080778947711,0.000000000000,0.080778947711,-0.013460690772,-0.013460690772
nbim_overweight_tech,NBIM Overweight Tech,2026-03-02,2026-03-02,2026-04-02,2026-04-02,1,1m,31,Technology,XLK,VT,0.01335600,sector_weight_change,swf_combined_signal_panel,139.36693000,135.99001000,-0.024230425396,146.60646000,139.37000000,-0.049359762182,0.025129336787,2054,0.020869478463,0.010592954069,0.010276524394,-0.045099903859,0.014852812393
nbim_positive_industry_weight_change,NBIM Positive Industry Weight Change,2026-03-02,2026-03-02,2026-04-02,2026-04-02,1,1m,31,Technology,XLK,VT,0.01335600,sector_weight_change,swf_combined_signal_panel,139.36693000,135.99001000,-0.024230425396,146.60646000,139.37000000,-0.049359762182,0.025129336787,2054,0.020869478463,0.010592954069,0.010276524394,-0.045099903859,0.014852812393
