date,strategy_key,strategy_name,strategy_nav,strategy_nav_rebased,benchmark_nav,relative_nav,strategy_return
2019-02-28,n1,N1 Core US Mirror Equal Weight,0.976998616590,1.000000000000,1.000000000000,1.000000000000,0.000000000000
2019-03-29,n1,N1 Core US Mirror Equal Weight,1.010422346368,1.034210621397,1.010648101565,1.023314267148,0.034210621397
2019-04-30,n1,N1 Core US Mirror Equal Weight,1.064346199333,1.089403998388,1.045730777278,1.041763350625,0.053367636968
2019-05-31,n1,N1 Core US Mirror Equal Weight,0.943228077731,0.965434404629,0.983300352488,0.981830630068,-0.113795794712
2019-06-28,n1,N1 Core US Mirror Equal Weight,1.029995170898,1.054244247032,1.045922433523,1.007956434666,0.091989514748
2019-07-31,n1,N1 Core US Mirror Equal Weight,1.058003534722,1.082912009041,1.045922433523,1.035365505445,0.027192713729
2019-08-30,n1,N1 Core US Mirror Equal Weight,1.026210620255,1.050370597081,1.023936267910,1.025816381351,-0.030049913279
2019-09-30,n1,N1 Core US Mirror Equal Weight,1.052752109142,1.077536949660,1.047241667345,1.028928644895,0.025863588198
2019-10-31,n1,N1 Core US Mirror Equal Weight,1.130471784999,1.157086372286,1.076494798929,1.074864805142,0.073825238802
2019-11-29,n1,N1 Core US Mirror Equal Weight,1.187067714718,1.215014734474,1.104067744094,1.100489296036,0.050063991397
2019-12-31,n1,N1 Core US Mirror Equal Weight,1.266966778478,1.296794854122,1.142176991348,1.135371193733,0.067307924198
2020-01-31,n1,N1 Core US Mirror Equal Weight,1.357631533223,1.389594120370,1.124407263133,1.235845912715,0.071560483104
2020-02-28,n1,N1 Core US Mirror Equal Weight,1.298887785466,1.329467374273,1.043175360673,1.274442844792,-0.043269286489
2020-03-31,n1,N1 Core US Mirror Equal Weight,1.147312337031,1.174323399797,0.889233870131,1.320601294263,-0.116696338307
2020-04-30,n1,N1 Core US Mirror Equal Weight,1.358783575117,1.390773284674,0.981414135606,1.417111527352,0.184318804270
2020-05-29,n1,N1 Core US Mirror Equal Weight,1.435164339697,1.468952274166,1.032530453379,1.422672105563,0.056212605141
2020-06-30,n1,N1 Core US Mirror Equal Weight,1.545033688723,1.581408266591,1.064196856518,1.486011029731,0.076555238997
2020-07-31,n1,N1 Core US Mirror Equal Weight,1.725446009606,1.766068017198,1.120537404112,1.576090196290,0.116769182575
2020-08-31,n1,N1 Core US Mirror Equal Weight,2.120374061014,2.170293821310,1.187831106128,1.827106404365,0.228884618359
2020-09-30,n1,N1 Core US Mirror Equal Weight,1.938280169494,1.983912911012,1.153087023115,1.720523144604,-0.085878192376
2020-10-30,n1,N1 Core US Mirror Equal Weight,1.858909550476,1.902673677230,1.129494139312,1.684536121975,-0.040948991930
2020-11-30,n1,N1 Core US Mirror Equal Weight,2.168386604771,2.219436719715,1.269197167960,1.748693406938,0.166483115984
2020-12-31,n1,N1 Core US Mirror Equal Weight,2.353003191340,2.408399716627,1.331851191703,1.808309916026,0.085140069655
2021-01-29,n1,N1 Core US Mirror Equal Weight,2.447336433865,2.504953837506,1.328831008703,1.885080812459,0.040090571433
2021-02-26,n1,N1 Core US Mirror Equal Weight,2.395319469091,2.451712242389,1.364364076592,1.796963350510,-0.021254521468
2021-03-31,n1,N1 Core US Mirror Equal Weight,2.460351875400,2.518275700315,1.403244740234,1.794609042964,0.027149784047
2021-04-30,n1,N1 Core US Mirror Equal Weight,2.660842100699,2.723486047489,1.461227142996,1.863834832622,0.081488435579
2021-05-28,n1,N1 Core US Mirror Equal Weight,2.662532477123,2.725216220281,1.484304152073,1.836022769643,0.000635278743
2021-06-30,n1,N1 Core US Mirror Equal Weight,2.833805733268,2.900521746038,1.501746467536,1.931432374732,0.064327198867
2021-07-30,n1,N1 Core US Mirror Equal Weight,2.859982693177,2.927314987568,1.511022629811,1.937307178473,0.009237386883
2021-08-31,n1,N1 Core US Mirror Equal Weight,3.025229821492,3.096452512953,1.545230075337,2.003877974145,0.057779065835
2021-09-30,n1,N1 Core US Mirror Equal Weight,2.904234383893,2.972608491535,1.481862132080,2.005995313047,-0.039995453152
2021-10-29,n1,N1 Core US Mirror Equal Weight,3.254577414983,3.331199614532,1.558117360702,2.137964506750,0.120631803353
2021-11-30,n1,N1 Core US Mirror Equal Weight,3.371295284631,3.450665361634,1.517369645803,2.274109918554,0.035862680393
2021-12-31,n1,N1 Core US Mirror Equal Weight,3.345700132022,3.424467624836,1.575229069142,2.173948977911,-0.007592082701
2022-01-31,n1,N1 Core US Mirror Equal Weight,3.181822561451,3.256731900559,1.503088061253,2.166694011157,-0.048981547689
2022-02-28,n1,N1 Core US Mirror Equal Weight,3.048737569341,3.120513701424,1.461445950543,2.135223475260,-0.041826654233
2022-03-31,n1,N1 Core US Mirror Equal Weight,3.277985275349,3.355158563878,1.489012507167,2.253277623746,0.075194306100
2022-04-29,n1,N1 Core US Mirror Equal Weight,2.820533050245,2.886936585529,1.368468714514,2.109610950481,-0.139552861492
2022-05-31,n1,N1 Core US Mirror Equal Weight,2.818673133140,2.885032880577,1.375230985704,2.097853313783,-0.000659420426
2022-06-30,n1,N1 Core US Mirror Equal Weight,2.495697409360,2.554453370743,1.263350055341,2.021967988955,-0.114584312733
2022-07-29,n1,N1 Core US Mirror Equal Weight,2.824084647446,2.890571797638,1.351580605027,2.138660311406,0.131581351511
2022-08-31,n1,N1 Core US Mirror Equal Weight,2.684046192036,2.747236430492,1.296806847239,2.118462310977,-0.049587201834
2022-09-30,n1,N1 Core US Mirror Equal Weight,2.406439805952,2.463094384259,1.173194957524,2.099475767827,-0.103428319120
2022-10-31,n1,N1 Core US Mirror Equal Weight,2.505651985870,2.564642306880,1.248007972900,2.054988720081,0.041227783746
2022-11-30,n1,N1 Core US Mirror Equal Weight,2.630828610742,2.692765952857,1.351376171698,1.992610206729,0.049957705850
2022-12-30,n1,N1 Core US Mirror Equal Weight,2.411950265415,2.468734575934,1.291470817941,1.911568222555,-0.083197493152
2023-01-31,n1,N1 Core US Mirror Equal Weight,2.700858508993,2.764444558192,1.390215309820,1.988501017550,0.119782007001
2023-02-28,n1,N1 Core US Mirror Equal Weight,2.764246680291,2.829325071042,1.346011393964,2.102006776265,0.023469637927
2023-03-31,n1,N1 Core US Mirror Equal Weight,2.970410793462,3.040342885878,1.384329865952,2.196256080762,0.074582386095
2023-04-28,n1,N1 Core US Mirror Equal Weight,3.055886001830,3.127830428763,1.404022545163,2.227763677684,0.028775551367
2023-05-31,n1,N1 Core US Mirror Equal Weight,3.324849815878,3.403126431727,1.387037010418,2.453522441121,0.088015002486
2023-06-30,n1,N1 Core US Mirror Equal Weight,3.603814026304,3.688658269428,1.467698735548,2.513225759543,0.083902800389
2023-07-31,n1,N1 Core US Mirror Equal Weight,3.791903296428,3.881175706945,1.522331945423,2.549493701827,0.052191724865
2023-08-31,n1,N1 Core US Mirror Equal Weight,3.768749234997,3.857476531698,1.479047979544,2.608080728312,-0.006106184578
2023-09-29,n1,N1 Core US Mirror Equal Weight,3.616967845174,3.702121767376,1.416117651380,2.614275560909,-0.040273677116
2023-10-31,n1,N1 Core US Mirror Equal Weight,3.486394185594,3.568474024828,1.374780593527,2.595668022685,-0.036100309754
2023-11-30,n1,N1 Core US Mirror Equal Weight,3.834231170221,3.924500101754,1.498641636361,2.618704836790,0.099769838438
2023-12-29,n1,N1 Core US Mirror Equal Weight,3.974113865788,4.067676042018,1.575882297511,2.581205492594,0.036482593082
2024-01-31,n1,N1 Core US Mirror Equal Weight,4.130138389040,4.227373835447,1.575882297511,2.682544148204,0.039260204544
2024-02-29,n1,N1 Core US Mirror Equal Weight,4.608155949165,4.716645316499,1.646649768974,2.864388897608,0.115738872429
2024-03-28,n1,N1 Core US Mirror Equal Weight,4.744493333632,4.856192478748,1.699195522910,2.857936248815,0.029586104718
2024-04-30,n1,N1 Core US Mirror Equal Weight,4.637736170563,4.746921942172,1.638301542354,2.897465344110,-0.022501277916
2024-05-31,n1,N1 Core US Mirror Equal Weight,4.964616153122,5.081497628369,1.713649598081,2.965307279890,0.070482660190
2024-06-28,n1,N1 Core US Mirror Equal Weight,5.266561180622,5.390551318285,1.740852007839,3.096501766958,0.060819410441
2024-07-31,n1,N1 Core US Mirror Equal Weight,5.304939977221,5.429833663160,1.775319786431,3.058510193296,0.007287259235
2024-08-30,n1,N1 Core US Mirror Equal Weight,5.363386611219,5.489656300578,1.816743089595,3.021702040327,0.011017397793
2024-09-30,n1,N1 Core US Mirror Equal Weight,5.549400570704,5.680049568620,1.856677862586,3.059254210480,0.034682183659
2024-10-31,n1,N1 Core US Mirror Equal Weight,5.552849360315,5.683579552749,1.816193675024,3.129390676175,0.000621470656
2024-11-29,n1,N1 Core US Mirror Equal Weight,6.043796294993,6.186084803362,1.891423542734,3.270597337718,0.088413515804
2024-12-31,n1,N1 Core US Mirror Equal Weight,6.210189743209,6.356395636346,1.835780943300,3.462502244369,0.027531280026
2025-01-31,n1,N1 Core US Mirror Equal Weight,6.399823331679,6.550493749946,1.891878726316,3.462427934110,0.030535876730
2025-02-28,n1,N1 Core US Mirror Equal Weight,5.994930729793,6.136068800913,1.884065540047,3.256823433413,-0.063266215472
2025-03-31,n1,N1 Core US Mirror Equal Weight,5.585347782346,5.716843081969,1.817806781756,3.144912396270,-0.068321547972
2025-04-30,n1,N1 Core US Mirror Equal Weight,5.546050821926,5.676620957032,1.827996505468,3.105378451246,-0.007035723101
2025-05-30,n1,N1 Core US Mirror Equal Weight,6.064039441316,6.206804532110,1.934134137012,3.209086905265,0.093397741208
2025-06-30,n1,N1 Core US Mirror Equal Weight,6.388424681787,6.538826742749,2.024555956437,3.229758467263,0.053493260328
2025-07-31,n1,N1 Core US Mirror Equal Weight,6.676113850353,6.833288949430,2.046768915274,3.338573738558,0.045032881015
2025-08-29,n1,N1 Core US Mirror Equal Weight,6.829950306149,6.990747161943,2.107258820579,3.317460149495,0.023042814914
2025-09-30,n1,N1 Core US Mirror Equal Weight,7.274837087929,7.446107869958,2.178293013651,3.418322431048,0.065137630852
2025-10-31,n1,N1 Core US Mirror Equal Weight,7.492845385365,7.669248715538,2.222396309978,3.450891580904,0.029967447353
2025-11-28,n1,N1 Core US Mirror Equal Weight,7.492156029021,7.668543129744,2.227138204916,3.443227327706,-0.000092001944
2025-12-31,n1,N1 Core US Mirror Equal Weight,7.552014024686,7.729810356380,2.247524040880,3.439255917081,0.007989421928
2026-01-30,n1,N1 Core US Mirror Equal Weight,7.642880156877,7.822815741083,2.317470584759,3.375583617989,0.012032039651
2026-02-27,n1,N1 Core US Mirror Equal Weight,7.354853734104,7.528008340252,2.355551083576,3.195858664556,-0.037685586698
2026-03-31,n1,N1 Core US Mirror Equal Weight,7.122723900963,7.290413497026,2.209157654830,3.300087470482,-0.031561447927
2026-04-30,n1,N1 Core US Mirror Equal Weight,7.828047788625,8.012342756377,2.414868691515,3.317920673919,0.099024459949
2026-05-28,n1,N1 Core US Mirror Equal Weight,8.170426070352,8.362781616692,2.521397621227,3.316724639656,0.043737377565
2019-02-28,n2,N2 Core US Mirror NBIM Weight,1.022811393796,1.000000000000,1.000000000000,1.000000000000,0.000000000000
2019-03-29,n2,N2 Core US Mirror NBIM Weight,1.073808731704,1.049859962665,1.010648101565,1.038798728300,0.049859962665
2019-04-30,n2,N2 Core US Mirror NBIM Weight,1.152050679432,1.126356908439,1.045730777278,1.077100275628,0.072863951855
2019-05-31,n2,N2 Core US Mirror NBIM Weight,1.049691537590,1.026280645637,0.983300352488,1.043710238729,-0.088849513020
2019-06-28,n2,N2 Core US Mirror NBIM Weight,1.126722746685,1.101593855445,1.045922433523,1.053227103787,0.073384614752
2019-07-31,n2,N2 Core US Mirror NBIM Weight,1.162997759325,1.137059839555,1.045922433523,1.087135912866,0.032195154262
2019-08-30,n2,N2 Core US Mirror NBIM Weight,1.135870241708,1.110537337184,1.023936267910,1.084576620624,-0.023325511506
2019-09-30,n2,N2 Core US Mirror NBIM Weight,1.161374700903,1.135472979620,1.047241667345,1.084251147587,0.022453673191
2019-10-31,n2,N2 Core US Mirror NBIM Weight,1.221138310506,1.193903702983,1.076494798929,1.109065927834,0.051459369277
2019-11-29,n2,N2 Core US Mirror NBIM Weight,1.280997799150,1.252428167031,1.104067744094,1.134376195419,0.049019417480
2019-12-31,n2,N2 Core US Mirror NBIM Weight,1.345361026005,1.315355924040,1.142176991348,1.151621801177,0.050244603775
2020-01-31,n2,N2 Core US Mirror NBIM Weight,1.406441246680,1.375073894572,1.124407263133,1.222932241420,0.045400617005
2020-02-28,n2,N2 Core US Mirror NBIM Weight,1.302218450914,1.273175542248,1.043175360673,1.220480841713,-0.074103910143
2020-03-31,n2,N2 Core US Mirror NBIM Weight,1.191935620573,1.165352310116,0.889233870131,1.310512733781,-0.084688425558
2020-04-30,n2,N2 Core US Mirror NBIM Weight,1.387442124032,1.356498502508,0.981414135606,1.382187654827,0.164024381925
2020-05-29,n2,N2 Core US Mirror NBIM Weight,1.450004205131,1.417665284065,1.032530453379,1.373000940966,0.045091669062
2020-06-30,n2,N2 Core US Mirror NBIM Weight,1.558134024108,1.523383522670,1.064196856518,1.431486583840,0.074572072684
2020-07-31,n2,N2 Core US Mirror NBIM Weight,1.702508604071,1.664538168423,1.120537404112,1.485482021675,0.092658640226
2020-08-31,n2,N2 Core US Mirror NBIM Weight,1.937742105555,1.894525341924,1.187831106128,1.594945049132,0.138168759278
2020-09-30,n2,N2 Core US Mirror NBIM Weight,1.772282126717,1.732755557346,1.153087023115,1.502710136018,-0.085388028863
2020-10-30,n2,N2 Core US Mirror NBIM Weight,1.730428276168,1.691835158138,1.129494139312,1.497869797863,-0.023615794527
2020-11-30,n2,N2 Core US Mirror NBIM Weight,1.882929363485,1.840935068680,1.269197167960,1.450472089880,0.088129100418
2020-12-31,n2,N2 Core US Mirror NBIM Weight,1.978129348532,1.934011842780,1.331851191703,1.452123071128,0.050559509503
2021-01-29,n2,N2 Core US Mirror NBIM Weight,1.996980823475,1.952442880073,1.328831008703,1.469293587587,0.009529950585
2021-02-26,n2,N2 Core US Mirror NBIM Weight,2.001017125116,1.956389161534,1.364364076592,1.433920164785,0.002021202003
2021-03-31,n2,N2 Core US Mirror NBIM Weight,2.046609768908,2.000964969028,1.403244740234,1.425955794920,0.022784734433
2021-04-30,n2,N2 Core US Mirror NBIM Weight,2.231477584080,2.181709743962,1.461227142996,1.493066806498,0.090328805218
2021-05-28,n2,N2 Core US Mirror NBIM Weight,2.183056097379,2.134368184223,1.484304152073,1.437958777682,-0.021699293350
2021-06-30,n2,N2 Core US Mirror NBIM Weight,2.335098870646,2.283020002329,1.501746467536,1.520243297842,0.069646755047
2021-07-30,n2,N2 Core US Mirror NBIM Weight,2.412989877405,2.359173834043,1.511022629811,1.561309399012,0.033356620458
2021-08-31,n2,N2 Core US Mirror NBIM Weight,2.550204369666,2.493328080949,1.545230075337,1.613564297475,0.056864926598
2021-09-30,n2,N2 Core US Mirror NBIM Weight,2.400929688053,2.347382618747,1.481862132080,1.584076256441,-0.058534399591
2021-10-29,n2,N2 Core US Mirror NBIM Weight,2.646369646098,2.587348617888,1.558117360702,1.660560804433,0.102227049491
2021-11-30,n2,N2 Core US Mirror NBIM Weight,2.735133420820,2.674132726141,1.517369645803,1.762347581907,0.033541714345
2021-12-31,n2,N2 Core US Mirror NBIM Weight,2.768912739212,2.707158676572,1.575229069142,1.718580954101,0.012350153793
2022-01-31,n2,N2 Core US Mirror NBIM Weight,2.606564897252,2.548431620006,1.503088061253,1.695463948986,-0.058632343180
2022-02-28,n2,N2 Core US Mirror NBIM Weight,2.478144558394,2.422875393670,1.461445950543,1.657861785973,-0.049268038173
2022-03-31,n2,N2 Core US Mirror NBIM Weight,2.631876887950,2.573179086500,1.489012507167,1.728111130104,0.062035254979
2022-04-29,n2,N2 Core US Mirror NBIM Weight,2.258763374918,2.208386989643,1.368468714514,1.613765054489,-0.141767084448
2022-05-31,n2,N2 Core US Mirror NBIM Weight,2.205123402175,2.155943329875,1.375230985704,1.567695428831,-0.023747495350
2022-06-30,n2,N2 Core US Mirror NBIM Weight,1.998129702834,1.953566136390,1.263350055341,1.546337951332,-0.093869440203
2022-07-29,n2,N2 Core US Mirror NBIM Weight,2.272241747249,2.221564758695,1.351580605027,1.643679075027,0.137184309921
2022-08-31,n2,N2 Core US Mirror NBIM Weight,2.153423582688,2.105396552825,1.296806847239,1.623523624438,-0.052291163431
2022-09-30,n2,N2 Core US Mirror NBIM Weight,1.913457067069,1.870781923897,1.173194957524,1.594604470381,-0.111434887938
2022-10-31,n2,N2 Core US Mirror NBIM Weight,1.929766045476,1.886727169037,1.248007972900,1.511790958077,0.008523305115
2022-11-30,n2,N2 Core US Mirror NBIM Weight,2.005157415207,1.960437112228,1.351376171698,1.450696818018,0.039067621647
2022-12-30,n2,N2 Core US Mirror NBIM Weight,1.806796858729,1.766500519733,1.291470817941,1.367820701167,-0.098925179127
2023-01-31,n2,N2 Core US Mirror NBIM Weight,2.023770482325,1.978635058820,1.390215309820,1.423257998127,0.120087447876
2023-02-28,n2,N2 Core US Mirror NBIM Weight,2.053885513284,2.008078445100,1.346011393964,1.491873288818,0.014880655303
2023-03-31,n2,N2 Core US Mirror NBIM Weight,2.289175689476,2.238121029313,1.384329865952,1.616754130905,0.114558564570
2023-04-28,n2,N2 Core US Mirror NBIM Weight,2.378217869768,2.325177333958,1.404022545163,1.656082619163,0.038897049580
2023-05-31,n2,N2 Core US Mirror NBIM Weight,2.564268439035,2.507078484449,1.387037010418,1.807506552181,0.078231087081
2023-06-30,n2,N2 Core US Mirror NBIM Weight,2.731436753763,2.670518504517,1.467698735548,1.819527699954,0.065191425431
2023-07-31,n2,N2 Core US Mirror NBIM Weight,2.826126528451,2.763096447295,1.522331945423,1.815042018663,0.034666654667
2023-08-31,n2,N2 Core US Mirror NBIM Weight,2.797090667199,2.734708162390,1.479047979544,1.848965145291,-0.010274083966
2023-09-29,n2,N2 Core US Mirror NBIM Weight,2.659534124866,2.600219494032,1.416117651380,1.836160640676,-0.049178435274
2023-10-31,n2,N2 Core US Mirror NBIM Weight,2.639467850720,2.580600750764,1.374780593527,1.877100071760,-0.007545033530
2023-11-30,n2,N2 Core US Mirror NBIM Weight,2.906600841662,2.841775970910,1.498641636361,1.896234497935,0.101207139488
2023-12-29,n2,N2 Core US Mirror NBIM Weight,2.976516954639,2.910132770023,1.575882297511,1.846668862655,0.024054253331
2024-01-31,n2,N2 Core US Mirror NBIM Weight,3.053585138602,2.985482130062,1.575882297511,1.894482941256,0.025892069535
2024-02-29,n2,N2 Core US Mirror NBIM Weight,3.261397923475,3.188660141310,1.646649768974,1.936453155607,0.068055343290
2024-03-28,n2,N2 Core US Mirror NBIM Weight,3.327564832262,3.253351353383,1.699195522910,1.914642140659,0.020287898116
2024-04-30,n2,N2 Core US Mirror NBIM Weight,3.244455763456,3.172095836178,1.638301542354,1.936210004186,-0.024975942768
2024-05-31,n2,N2 Core US Mirror NBIM Weight,3.522001317195,3.443451391486,1.713649598081,2.009425611480,0.085544564011
2024-06-28,n2,N2 Core US Mirror NBIM Weight,3.793355205604,3.708753371944,1.740852007839,2.130424272278,0.077045368235
2024-07-31,n2,N2 Core US Mirror NBIM Weight,3.753905760329,3.670183753426,1.775319786431,2.067336702648,-0.010399618052
2024-08-30,n2,N2 Core US Mirror NBIM Weight,3.777394093520,3.693148234789,1.816743089595,2.032840116988,0.006257038586
2024-09-30,n2,N2 Core US Mirror NBIM Weight,3.888189377830,3.801472491815,1.856677862586,2.047459372689,0.029331142467
2024-10-31,n2,N2 Core US Mirror NBIM Weight,3.893797928759,3.806955957254,1.816193675024,2.096117836774,0.001442458271
2024-11-29,n2,N2 Core US Mirror NBIM Weight,4.117945366859,4.026104315846,1.891423542734,2.128610660110,0.057565246631
2024-12-31,n2,N2 Core US Mirror NBIM Weight,4.222686591185,4.128509534405,1.835780943300,2.248911859268,0.025435311787
2025-01-31,n2,N2 Core US Mirror NBIM Weight,4.250971362023,4.156163480196,1.891878726316,2.196844555828,0.006698287980
2025-02-28,n2,N2 Core US Mirror NBIM Weight,4.062936047888,3.972321849886,1.884065540047,2.108377742414,-0.044233493506
2025-03-31,n2,N2 Core US Mirror NBIM Weight,3.711743123389,3.628961454578,1.817806781756,1.996340585258,-0.086438211274
2025-04-30,n2,N2 Core US Mirror NBIM Weight,3.712314318812,3.629519910836,1.827996505468,1.985517970072,0.000153888727
2025-05-30,n2,N2 Core US Mirror NBIM Weight,4.120701967110,4.028799436636,1.934134137012,2.082998981063,0.110008909059
2025-06-30,n2,N2 Core US Mirror NBIM Weight,4.408334410384,4.310016917218,2.024555956437,2.128870236219,0.069801806966
2025-07-31,n2,N2 Core US Mirror NBIM Weight,4.681774223245,4.577358300507,2.046768915274,2.236382557088,0.062027919710
2025-08-29,n2,N2 Core US Mirror NBIM Weight,4.759933090622,4.653774018841,2.107258820579,2.208449182128,0.016694283759
2025-09-30,n2,N2 Core US Mirror NBIM Weight,5.044720793307,4.932210204058,2.178293013651,2.264254704555,0.059830190312
2025-10-31,n2,N2 Core US Mirror NBIM Weight,5.270337538752,5.152795100563,2.222396309978,2.318576159179,0.044723336472
2025-11-28,n2,N2 Core US Mirror NBIM Weight,5.177708406752,5.062231842701,2.227138204916,2.272976069257,-0.017575559690
2025-12-31,n2,N2 Core US Mirror NBIM Weight,5.197391477752,5.081475929265,2.247524040880,2.260921724012,0.003801502413
2026-01-30,n2,N2 Core US Mirror NBIM Weight,5.185907584800,5.070248157437,2.317470584759,2.187837114646,-0.002209549348
2026-02-27,n2,N2 Core US Mirror NBIM Weight,4.891681651669,4.782584239225,2.355551083576,2.030346220284,-0.056735668409
2026-03-31,n2,N2 Core US Mirror NBIM Weight,4.682397014738,4.577967202106,2.209157654830,2.072268220467,-0.042783781087
2026-04-30,n2,N2 Core US Mirror NBIM Weight,5.344901558221,5.225696145586,2.414868691515,2.163966994954,0.141488332023
2026-05-28,n2,N2 Core US Mirror NBIM Weight,5.667567065696,5.541165360567,2.521397621227,2.197656297412,0.060368840092
2019-02-28,n3,N3 Industry Weight Mirror,1.013708599348,1.000000000000,1.000000000000,1.000000000000,0.000000000000
2019-03-29,n3,N3 Industry Weight Mirror,1.023176934781,1.009340293097,1.010648101565,0.998705970490,0.009340293097
2019-04-30,n3,N3 Industry Weight Mirror,1.066253105738,1.051833935732,1.045730777278,1.005836261672,0.042100412444
2019-05-31,n3,N3 Industry Weight Mirror,0.998004939825,0.984508704441,0.983300352488,1.001228873711,-0.064007472096
2019-06-28,n3,N3 Industry Weight Mirror,1.068322367133,1.053875214061,1.045922433523,1.007603604515,0.070457995248
2019-07-31,n3,N3 Industry Weight Mirror,1.081506697401,1.066881249796,1.045922433523,1.020038595216,0.012341153451
2019-08-30,n3,N3 Industry Weight Mirror,1.058241399859,1.043930573875,1.023936267910,1.019526904741,-0.021511931085
2019-09-30,n3,N3 Industry Weight Mirror,1.083231752059,1.068582976169,1.047241667345,1.020378590242,0.023614982558
2019-10-31,n3,N3 Industry Weight Mirror,1.101232261015,1.086340060372,1.076494798929,1.009145665592,0.016617412591
2019-11-29,n3,N3 Industry Weight Mirror,1.141061382485,1.125630564068,1.104067744094,1.019530341403,0.036167775754
2019-12-31,n3,N3 Industry Weight Mirror,1.171038407067,1.155202202901,1.142176991348,1.011403846910,0.026271176154
2020-01-31,n3,N3 Industry Weight Mirror,1.156402292505,1.140764015664,1.124407263133,1.014547000066,-0.012498406947
2020-02-28,n3,N3 Industry Weight Mirror,1.056101022965,1.041819141758,1.043175360673,0.998699912817,-0.086735619767
2020-03-31,n3,N3 Industry Weight Mirror,0.911574593254,0.899247174030,0.889233870131,1.011260596606,-0.136849057588
2020-04-30,n3,N3 Industry Weight Mirror,1.016976729783,1.003223934804,0.981414135606,1.022222829697,0.115626452634
2020-05-29,n3,N3 Industry Weight Mirror,1.058868332260,1.044549028134,1.032530453379,1.011639922790,0.041192292065
2020-06-30,n3,N3 Industry Weight Mirror,1.072966307453,1.058456353377,1.064196856518,0.994605788294,0.013314190975
2020-07-31,n3,N3 Industry Weight Mirror,1.124019438853,1.108819082304,1.120537404112,0.989542230572,0.047581299660
2020-08-31,n3,N3 Industry Weight Mirror,1.193119445869,1.176984635068,1.187831106128,0.990868675686,0.061475811385
2020-09-30,n3,N3 Industry Weight Mirror,1.158884658344,1.143212811936,1.153087023115,0.991436716413,-0.028693512325
2020-10-30,n3,N3 Industry Weight Mirror,1.129649753704,1.114373257197,1.129494139312,0.986612695375,-0.025226759565
2020-11-30,n3,N3 Industry Weight Mirror,1.265671849364,1.248555896811,1.269197167960,0.983736749758,0.120410857626
2020-12-31,n3,N3 Industry Weight Mirror,1.311452583418,1.293717528155,1.331851191703,0.971367924746,0.036171092908
2021-01-29,n3,N3 Industry Weight Mirror,1.293210663732,1.275722297871,1.328831008703,0.960033510293,-0.013909705861
2021-02-26,n3,N3 Industry Weight Mirror,1.348096156772,1.329865562588,1.364364076592,0.974714583449,0.042441262340
2021-03-31,n3,N3 Industry Weight Mirror,1.417956176166,1.398780849919,1.403244740234,0.996818879710,0.051821243643
2021-04-30,n3,N3 Industry Weight Mirror,1.480842108490,1.460816362259,1.461227142996,0.999718879615,0.044349700915
2021-05-28,n3,N3 Industry Weight Mirror,1.505932896250,1.485567841901,1.484304152073,1.000851368519,0.016943594200
2021-06-30,n3,N3 Industry Weight Mirror,1.516120103355,1.495617285214,1.501746467536,0.995918630438,0.006764715168
2021-07-30,n3,N3 Industry Weight Mirror,1.539706603109,1.518884819661,1.511022629811,1.005203224422,0.015557144650
2021-08-31,n3,N3 Industry Weight Mirror,1.578346896289,1.557002571848,1.545230075337,1.007618604309,0.025095880671
2021-09-30,n3,N3 Industry Weight Mirror,1.518234255467,1.497702847192,1.481862132080,1.010689736089,-0.038085823188
2021-10-29,n3,N3 Industry Weight Mirror,1.624616984098,1.602646939311,1.558117360702,1.028579091493,0.070070035798
2021-11-30,n3,N3 Industry Weight Mirror,1.603048932294,1.581370556909,1.517369645803,1.042178852913,-0.013275776392
2021-12-31,n3,N3 Industry Weight Mirror,1.678339581971,1.655643034942,1.575229069142,1.051049061610,0.046967156248
2022-01-31,n3,N3 Industry Weight Mirror,1.613648645764,1.591826928174,1.503088061253,1.059037703251,-0.038544604979
2022-02-28,n3,N3 Industry Weight Mirror,1.583407217148,1.561994460900,1.461445950543,1.068800704069,-0.018741024383
2022-03-31,n3,N3 Industry Weight Mirror,1.631502845991,1.609439682213,1.489012507167,1.080877208530,0.030374769246
2022-04-29,n3,N3 Industry Weight Mirror,1.512445976282,1.491992844151,1.368468714514,1.090264489299,-0.072973743197
2022-05-31,n3,N3 Industry Weight Mirror,1.508557664241,1.488157114590,1.375230985704,1.082114299387,-0.002570876647
2022-06-30,n3,N3 Industry Weight Mirror,1.386472258199,1.367722695744,1.263350055341,1.082615772218,-0.080928564374
2022-07-29,n3,N3 Industry Weight Mirror,1.511935711634,1.491489479922,1.351580605027,1.103515006338,0.090491138711
2022-08-31,n3,N3 Industry Weight Mirror,1.455776388675,1.436089611562,1.296806847239,1.107404402298,-0.037143988681
2022-09-30,n3,N3 Industry Weight Mirror,1.333375055281,1.315343537717,1.173194957524,1.121163647424,-0.084079762762
2022-10-31,n3,N3 Industry Weight Mirror,1.446440656010,1.426880128017,1.248007972900,1.143326131725,0.084796547139
2022-11-30,n3,N3 Industry Weight Mirror,1.524252326547,1.503639534603,1.351376171698,1.112672819082,0.053795273393
2022-12-30,n3,N3 Industry Weight Mirror,1.444689706451,1.425152856926,1.291470817941,1.103511467025,-0.052197801316
2023-01-31,n3,N3 Industry Weight Mirror,1.528060976969,1.507396679827,1.390215309820,1.084290087427,0.057708773134
2023-02-28,n3,N3 Industry Weight Mirror,1.494682799732,1.474469882857,1.346011393964,1.095436405271,-0.021843485136
2023-03-31,n3,N3 Industry Weight Mirror,1.517874819984,1.497348272433,1.384329865952,1.081641239751,0.015516349192
2023-04-28,n3,N3 Industry Weight Mirror,1.533016281735,1.512284972941,1.404022545163,1.077108753097,0.009975435096
2023-05-31,n3,N3 Industry Weight Mirror,1.514699196796,1.494215593880,1.387037010418,1.077271610387,-0.011948395563
2023-06-30,n3,N3 Industry Weight Mirror,1.621842318961,1.599909796567,1.467698735548,1.090080517082,0.070735577329
2023-07-31,n3,N3 Industry Weight Mirror,1.666615461086,1.644077461864,1.522331945423,1.079973041890,0.027606347178
2023-08-31,n3,N3 Industry Weight Mirror,1.636775901830,1.614641429384,1.479047979544,1.091676167180,-0.017904285633
2023-09-29,n3,N3 Industry Weight Mirror,1.564351312208,1.543196253059,1.416117651380,1.089737319180,-0.044248323513
2023-10-31,n3,N3 Industry Weight Mirror,1.523864008989,1.503256468347,1.374780593527,1.093451911836,-0.025881208973
2023-11-30,n3,N3 Industry Weight Mirror,1.657193439842,1.634782856639,1.498641636361,1.090843078809,0.087494310560
2023-12-29,n3,N3 Industry Weight Mirror,1.736586981379,1.713102742244,1.575882297511,1.087075313270,0.047908433396
2024-01-31,n3,N3 Industry Weight Mirror,1.741387049320,1.717837897834,1.575882297511,1.090080078028,0.002764081496
2024-02-29,n3,N3 Industry Weight Mirror,1.822882571419,1.798231338465,1.646649768974,1.092054529352,0.046799200747
2024-03-28,n3,N3 Industry Weight Mirror,1.871331959451,1.846025535005,1.699195522910,1.086411487151,0.026578447121
2024-04-30,n3,N3 Industry Weight Mirror,1.791035948944,1.766815384713,1.638301542354,1.078443338444,-0.042908480295
2024-05-31,n3,N3 Industry Weight Mirror,1.845653460635,1.820694292050,1.713649598081,1.062465917238,0.030494927655
2024-06-28,n3,N3 Industry Weight Mirror,1.884588610299,1.859102913314,1.740852007839,1.067927029376,0.021095590529
2024-07-31,n3,N3 Industry Weight Mirror,1.926213906445,1.900165301630,1.775319786431,1.070322832063,0.022087205621
2024-08-30,n3,N3 Industry Weight Mirror,1.972995161343,1.946313923559,1.816743089595,1.071320394561,0.024286635426
2024-09-30,n3,N3 Industry Weight Mirror,2.012991679885,1.985769560582,1.856677862586,1.069528322924,0.020271980046
2024-10-31,n3,N3 Industry Weight Mirror,1.986029800892,1.959172292875,1.816193675024,1.078724323191,-0.013393934641
2024-11-29,n3,N3 Industry Weight Mirror,2.114271339571,2.085679593653,1.891423542734,1.102703623240,0.064571809860
2024-12-31,n3,N3 Industry Weight Mirror,2.034726888724,2.007210839518,1.835780943300,1.093382544820,-0.037622631191
2025-01-31,n3,N3 Industry Weight Mirror,2.094996539579,2.066665450926,1.891878726316,1.092387911645,0.029620511327
2025-02-28,n3,N3 Industry Weight Mirror,2.074886409866,2.046827274821,1.884065540047,1.086388573706,-0.009599123117
2025-03-31,n3,N3 Industry Weight Mirror,1.974810157686,1.948104375317,1.817806781756,1.071678461577,-0.048232159459
2025-04-30,n3,N3 Industry Weight Mirror,1.957485699304,1.931014199310,1.827996505468,1.056355520120,-0.008772720919
2025-05-30,n3,N3 Industry Weight Mirror,2.062152762347,2.034265827155,1.934134137012,1.051770809598,0.053470154638
2025-06-30,n3,N3 Industry Weight Mirror,2.150594904459,2.121511947163,2.024555956437,1.047890002950,0.042888259166
2025-07-31,n3,N3 Industry Weight Mirror,2.182902839584,2.153382975135,2.046768915274,1.052088957901,0.015022789768
2025-08-29,n3,N3 Industry Weight Mirror,2.224938449459,2.194850128420,2.107258820579,1.041566468715,0.019256747993
2025-09-30,n3,N3 Industry Weight Mirror,2.286838978141,2.255913562943,2.178293013651,1.035633658468,0.027821231952
2025-10-31,n3,N3 Industry Weight Mirror,2.319844355845,2.288472601828,2.222396309978,1.029732002142,0.014432751068
2025-11-28,n3,N3 Industry Weight Mirror,2.315937489480,2.284618568857,2.227138204916,1.025809069152,-0.001684107106
2025-12-31,n3,N3 Industry Weight Mirror,2.334011600528,2.302448259815,2.247524040880,1.024437655809,0.007804230956
2026-01-30,n3,N3 Industry Weight Mirror,2.373705183041,2.341605057477,2.317470584759,1.010414144143,0.017006591786
2026-02-27,n3,N3 Industry Weight Mirror,2.382795613551,2.350572556140,2.355551083576,0.997886470189,0.003829637554
2026-03-31,n3,N3 Industry Weight Mirror,2.262940171887,2.232337945384,2.209157654830,1.010492818610,-0.050300345100
2026-04-30,n3,N3 Industry Weight Mirror,2.472074598452,2.438644202133,2.414868691515,1.009845467251,0.092417125810
2026-05-28,n3,N3 Industry Weight Mirror,2.610811771519,2.575505202578,2.521397621227,1.021459360831,0.056121758281
2019-02-28,n4,N4 Industry Weight-Change Tilt,1.000000000000,1.000000000000,1.000000000000,1.000000000000,0.000000000000
2019-03-29,n4,N4 Industry Weight-Change Tilt,1.024138507754,1.024138507754,1.010648101565,1.013348272428,0.024138507754
2019-04-30,n4,N4 Industry Weight-Change Tilt,1.044168146346,1.044168146346,1.045730777278,0.998505704369,0.019557548555
2019-05-31,n4,N4 Industry Weight-Change Tilt,0.984969073591,0.984969073591,0.983300352488,1.001697061431,-0.056694961403
2019-06-28,n4,N4 Industry Weight-Change Tilt,1.055421144781,1.055421144781,1.045922433523,1.009081659360,0.071527191136
2019-07-31,n4,N4 Industry Weight-Change Tilt,1.062922115881,1.062922115881,1.045922433523,1.016253291652,0.007107088139
2019-08-30,n4,N4 Industry Weight-Change Tilt,1.048294394831,1.048294394831,1.023936267910,1.023788713892,-0.013761799507
2019-09-30,n4,N4 Industry Weight-Change Tilt,1.057999552607,1.057999552607,1.047241667345,1.010272590938,0.009258046045
2019-10-31,n4,N4 Industry Weight-Change Tilt,1.090524369284,1.090524369284,1.076494798929,1.013032641095,0.030741805700
2019-11-29,n4,N4 Industry Weight-Change Tilt,1.133946358975,1.133946358975,1.104067744094,1.027062302146,0.039817532660
2019-12-31,n4,N4 Industry Weight-Change Tilt,1.174035376807,1.174035376807,1.142176991348,1.027892687123,0.035353539887
2020-01-31,n4,N4 Industry Weight-Change Tilt,1.172651159597,1.172651159597,1.124407263133,1.042906069754,-0.001179025128
2020-02-28,n4,N4 Industry Weight-Change Tilt,1.091430631282,1.091430631282,1.043175360673,1.046258062094,-0.069262310151
2020-03-31,n4,N4 Industry Weight-Change Tilt,0.977948576357,0.977948576357,0.889233870131,1.099765325193,-0.103975508541
2020-04-30,n4,N4 Industry Weight-Change Tilt,1.103783341681,1.103783341681,0.981414135606,1.124686614585,0.128672169852
2020-05-29,n4,N4 Industry Weight-Change Tilt,1.179581401718,1.179581401718,1.032530453379,1.142418025403,0.068671139684
2020-06-30,n4,N4 Industry Weight-Change Tilt,1.251921267967,1.251921267967,1.064196856518,1.176400080774,0.061326726705
2020-07-31,n4,N4 Industry Weight-Change Tilt,1.320471082951,1.320471082951,1.120537404112,1.178426599688,0.054755691702
2020-08-31,n4,N4 Industry Weight-Change Tilt,1.470166803132,1.470166803132,1.187831106128,1.237690102193,0.113365390665
2020-09-30,n4,N4 Industry Weight-Change Tilt,1.402002120116,1.402002120116,1.153087023115,1.215868440118,-0.046365271526
2020-10-30,n4,N4 Industry Weight-Change Tilt,1.339680182997,1.339680182997,1.129494139312,1.186088653646,-0.044452099055
2020-11-30,n4,N4 Industry Weight-Change Tilt,1.501695869506,1.501695869506,1.269197167960,1.183185644765,0.120936092483
2020-12-31,n4,N4 Industry Weight-Change Tilt,1.573559158922,1.573559158922,1.331851191703,1.181482712727,0.047854755996
2021-01-29,n4,N4 Industry Weight-Change Tilt,1.551849848231,1.551849848231,1.328831008703,1.167830851378,-0.013796310465
2021-02-26,n4,N4 Industry Weight-Change Tilt,1.586161737031,1.586161737031,1.364364076592,1.162564863913,0.022110314886
2021-03-31,n4,N4 Industry Weight-Change Tilt,1.638184137243,1.638184137243,1.403244740234,1.167425816946,0.032797664322
2021-04-30,n4,N4 Industry Weight-Change Tilt,1.718286800467,1.718286800467,1.461227142996,1.175920395883,0.048897227975
2021-05-28,n4,N4 Industry Weight-Change Tilt,1.707910195075,1.707910195075,1.484304152073,1.150647050801,-0.006038925160
2021-06-30,n4,N4 Industry Weight-Change Tilt,1.792092428496,1.792092428496,1.501746467536,1.193338867270,0.049289613508
2021-07-30,n4,N4 Industry Weight-Change Tilt,1.850644015686,1.850644015686,1.511022629811,1.224762607240,0.032672191601
2021-08-31,n4,N4 Industry Weight-Change Tilt,1.904695822098,1.904695822098,1.545230075337,1.232629271523,0.029207025205
2021-09-30,n4,N4 Industry Weight-Change Tilt,1.804590894188,1.804590894188,1.481862132080,1.217785956684,-0.052556910531
2021-10-29,n4,N4 Industry Weight-Change Tilt,1.949809786007,1.949809786007,1.558117360702,1.251388268422,0.080471918753
2021-11-30,n4,N4 Industry Weight-Change Tilt,2.003503590068,2.003503590068,1.517369645803,1.320379378624,0.027537970343
2021-12-31,n4,N4 Industry Weight-Change Tilt,2.079384613138,2.079384613138,1.575229069142,1.320052209468,0.037874163763
2022-01-31,n4,N4 Industry Weight-Change Tilt,1.941041755417,1.941041755417,1.503088061253,1.291369285309,-0.066530672992
2022-02-28,n4,N4 Industry Weight-Change Tilt,1.862415127953,1.862415127953,1.461445950543,1.274364698373,-0.040507437434
2022-03-31,n4,N4 Industry Weight-Change Tilt,1.927362000853,1.927362000853,1.489012507167,1.294389396715,0.034872393338
2022-04-29,n4,N4 Industry Weight-Change Tilt,1.805353019040,1.805353019040,1.368468714514,1.319250487711,-0.063303614868
2022-05-31,n4,N4 Industry Weight-Change Tilt,1.768355794958,1.768355794958,1.375230985704,1.285860930520,-0.020493069052
2022-06-30,n4,N4 Industry Weight-Change Tilt,1.609590657113,1.609590657113,1.263350055341,1.274065450275,-0.089781218405
2022-07-29,n4,N4 Industry Weight-Change Tilt,1.794435008930,1.794435008930,1.351580605027,1.327656672681,0.114839354342
2022-08-31,n4,N4 Industry Weight-Change Tilt,1.735206157385,1.735206157385,1.296806847239,1.338060607160,-0.033006963891
2022-09-30,n4,N4 Industry Weight-Change Tilt,1.574014650578,1.574014650578,1.173194957524,1.341647984833,-0.092894729609
2022-10-31,n4,N4 Industry Weight-Change Tilt,1.673112355315,1.673112355315,1.248007972900,1.340626335445,0.062958565666
2022-11-30,n4,N4 Industry Weight-Change Tilt,1.731950108462,1.731950108462,1.351376171698,1.281619540683,0.035166647930
2022-12-30,n4,N4 Industry Weight-Change Tilt,1.615493107851,1.615493107851,1.291470817941,1.250894008141,-0.067240389918
2023-01-31,n4,N4 Industry Weight-Change Tilt,1.745233168090,1.745233168090,1.390215309820,1.255368974692,0.080309881614
2023-02-28,n4,N4 Industry Weight-Change Tilt,1.686569262949,1.686569262949,1.346011393964,1.253012619739,-0.033613792251
2023-03-31,n4,N4 Industry Weight-Change Tilt,1.727588261303,1.727588261303,1.384329865952,1.247959972397,0.024320968759
2023-04-28,n4,N4 Industry Weight-Change Tilt,1.777877173053,1.777877173053,1.404022545163,1.266273949217,0.029109315499
2023-05-31,n4,N4 Industry Weight-Change Tilt,1.687897537645,1.687897537645,1.387037010418,1.216908795488,-0.050610715280
2023-06-30,n4,N4 Industry Weight-Change Tilt,1.772057047054,1.772057047054,1.467698735548,1.207371106982,0.049860555829
2023-07-31,n4,N4 Industry Weight-Change Tilt,1.831596174552,1.831596174552,1.522331945423,1.203151638550,0.033598877416
2023-08-31,n4,N4 Industry Weight-Change Tilt,1.804671296606,1.804671296606,1.479047979544,1.220157372557,-0.014700226131
2023-09-29,n4,N4 Industry Weight-Change Tilt,1.763606120383,1.763606120383,1.416117651380,1.245381073150,-0.022754933987
2023-10-31,n4,N4 Industry Weight-Change Tilt,1.712439746131,1.712439746131,1.374780593527,1.245609484301,-0.029012359200
2023-11-30,n4,N4 Industry Weight-Change Tilt,1.813518143557,1.813518143557,1.498641636361,1.210107940121,0.059025958522
2023-12-29,n4,N4 Industry Weight-Change Tilt,1.878443981442,1.878443981442,1.575882297511,1.191995102939,0.035801041261
2024-01-31,n4,N4 Industry Weight-Change Tilt,1.917002030499,1.917002030499,1.575882297511,1.216462697453,0.020526589793
2024-02-29,n4,N4 Industry Weight-Change Tilt,1.978738413551,1.978738413551,1.646649768974,1.201675335480,0.032204651883
2024-03-28,n4,N4 Industry Weight-Change Tilt,1.991526012969,1.991526012969,1.699195522910,1.172040525129,0.006462501223
2024-04-30,n4,N4 Industry Weight-Change Tilt,1.884796056182,1.884796056182,1.638301542354,1.150457353214,-0.053592047551
2024-05-31,n4,N4 Industry Weight-Change Tilt,1.995677514487,1.995677514487,1.713649598081,1.164577353925,0.058829419736
2024-06-28,n4,N4 Industry Weight-Change Tilt,2.136004004536,2.136004004536,1.740852007839,1.226987701952,0.070315213270
2024-07-31,n4,N4 Industry Weight-Change Tilt,2.083842978084,2.083842978084,1.775319786431,1.173784573355,-0.024419910422
2024-08-30,n4,N4 Industry Weight-Change Tilt,2.095516605506,2.095516605506,1.816743089595,1.153446856360,0.005601970755
2024-09-30,n4,N4 Industry Weight-Change Tilt,2.151014755080,2.151014755080,1.856677862586,1.158528788664,0.026484232780
2024-10-31,n4,N4 Industry Weight-Change Tilt,2.117476291145,2.117476291145,1.816193675024,1.165886832590,-0.015591926488
2024-11-29,n4,N4 Industry Weight-Change Tilt,2.226951697958,2.226951697958,1.891423542734,1.177394511406,0.051700889059
2024-12-31,n4,N4 Industry Weight-Change Tilt,2.219014601179,2.219014601179,1.835780943300,1.208757836428,-0.003564108187
2025-01-31,n4,N4 Industry Weight-Change Tilt,2.202694330476,2.202694330476,1.891878726316,1.164289391194,-0.007354737862
2025-02-28,n4,N4 Industry Weight-Change Tilt,2.152306840602,2.152306840602,1.884065540047,1.142373656783,-0.022875389098
2025-03-31,n4,N4 Industry Weight-Change Tilt,1.992645158807,1.992645158807,1.817806781756,1.096180946625,-0.074181654206
2025-04-30,n4,N4 Industry Weight-Change Tilt,2.001916626092,2.001916626092,1.827996505468,1.095142479815,0.004652844107
2025-05-30,n4,N4 Industry Weight-Change Tilt,2.172752088717,2.172752088717,1.934134137012,1.123371976710,0.085335952756
2025-06-30,n4,N4 Industry Weight-Change Tilt,2.311896647432,2.311896647432,2.024555956437,1.141927759557,0.064040697251
2025-07-31,n4,N4 Industry Weight-Change Tilt,2.372789417195,2.372789417195,2.046768915274,1.159285447169,0.026338880603
2025-08-29,n4,N4 Industry Weight-Change Tilt,2.410627218339,2.410627218339,2.107258820579,1.143963520189,0.015946548341
2025-09-30,n4,N4 Industry Weight-Change Tilt,2.430516427979,2.430516427979,2.178293013651,1.115789479536,0.008250636801
2025-10-31,n4,N4 Industry Weight-Change Tilt,2.397487820013,2.397487820013,2.222396309978,1.078785007538,-0.013589131752
2025-11-28,n4,N4 Industry Weight-Change Tilt,2.414662994085,2.414662994085,2.227138204916,1.084199888788,0.007163821200
2025-12-31,n4,N4 Industry Weight-Change Tilt,2.469973768913,2.469973768913,2.247524040880,1.098975460990,0.022906208843
2026-01-30,n4,N4 Industry Weight-Change Tilt,2.467558151353,2.467558151353,2.317470584759,1.064763526053,-0.000977993204
2026-02-27,n4,N4 Industry Weight-Change Tilt,2.445964951964,2.445964951964,2.355551083576,1.038383318884,-0.008750837089
2026-03-31,n4,N4 Industry Weight-Change Tilt,2.335288160519,2.335288160519,2.209157654830,1.057094388629,-0.045248723354
2026-04-30,n4,N4 Industry Weight-Change Tilt,2.665977508566,2.665977508566,2.414868691515,1.103984460080,0.141605371721
2026-05-28,n4,N4 Industry Weight-Change Tilt,2.990482335158,2.990482335158,2.521397621227,1.186041546951,0.121720766792
2019-02-28,n5,N5 Industry Accumulation Tilt,1.000000000000,1.000000000000,1.000000000000,1.000000000000,0.000000000000
2019-03-29,n5,N5 Industry Accumulation Tilt,1.000231003196,1.000231003196,1.010648101565,0.989692655284,0.000231003196
2019-04-30,n5,N5 Industry Accumulation Tilt,1.053020113169,1.053020113169,1.045730777278,1.006970566468,0.052776918336
2019-05-31,n5,N5 Industry Accumulation Tilt,0.985639849767,0.985639849767,0.983300352488,1.002379229574,-0.063987631916
2019-06-28,n5,N5 Industry Accumulation Tilt,1.052267435476,1.052267435476,1.045922433523,1.006066417307,0.067598307561
2019-07-31,n5,N5 Industry Accumulation Tilt,1.067941361033,1.067941361033,1.045922433523,1.021052161044,0.014895382132
2019-08-30,n5,N5 Industry Accumulation Tilt,1.037599881162,1.037599881162,1.023936267910,1.013344202838,-0.028411185275
2019-09-30,n5,N5 Industry Accumulation Tilt,1.066615788226,1.066615788226,1.047241667345,1.018500143267,0.027964447174
2019-10-31,n5,N5 Industry Accumulation Tilt,1.089430109153,1.089430109153,1.076494798929,1.012016138152,0.021389446114
2019-11-29,n5,N5 Industry Accumulation Tilt,1.133580273023,1.133580273023,1.104067744094,1.026730722899,0.040525925894
2019-12-31,n5,N5 Industry Accumulation Tilt,1.165503738530,1.165503738530,1.142176991348,1.020423058211,0.028161627603
2020-01-31,n5,N5 Industry Accumulation Tilt,1.146578353764,1.146578353764,1.124407263133,1.019718025095,-0.016237944281
2020-02-28,n5,N5 Industry Accumulation Tilt,1.040315795183,1.040315795183,1.043175360673,0.997258787355,-0.092677973757
2020-03-31,n5,N5 Industry Accumulation Tilt,0.882308184263,0.882308184263,0.889233870131,0.992211626097,-0.151884275574
2020-04-30,n5,N5 Industry Accumulation Tilt,0.975002666675,0.975002666675,0.981414135606,0.993467111692,0.105059075803
2020-05-29,n5,N5 Industry Accumulation Tilt,1.015345727544,1.015345727544,1.032530453379,0.983356688630,0.041377385158
2020-06-30,n5,N5 Industry Accumulation Tilt,1.025873443824,1.025873443824,1.064196856518,0.963988417688,0.010368602531
2020-07-31,n5,N5 Industry Accumulation Tilt,1.074324132103,1.074324132103,1.120537404112,0.958757938968,0.047228718679
2020-08-31,n5,N5 Industry Accumulation Tilt,1.140548203291,1.140548203291,1.187831106128,0.960193917643,0.061642542701
2020-09-30,n5,N5 Industry Accumulation Tilt,1.115912363679,1.115912363679,1.153087023115,0.967760751191,-0.021599998616
2020-10-30,n5,N5 Industry Accumulation Tilt,1.094365061535,1.094365061535,1.129494139312,0.968898397474,-0.019309134700
2020-11-30,n5,N5 Industry Accumulation Tilt,1.235664671810,1.235664671810,1.269197167960,0.973579758137,0.129115607983
2020-12-31,n5,N5 Industry Accumulation Tilt,1.278629789626,1.278629789626,1.331851191703,0.960039528133,0.034770855553
2021-01-29,n5,N5 Industry Accumulation Tilt,1.256028207211,1.256028207211,1.328831008703,0.945212896888,-0.017676408448
2021-02-26,n5,N5 Industry Accumulation Tilt,1.323188610016,1.323188610016,1.364364076592,0.969820763180,0.053470457446
2021-03-31,n5,N5 Industry Accumulation Tilt,1.323188610016,1.323188610016,1.403244740234,0.942949274690,0.000000000000
2021-04-30,n5,N5 Industry Accumulation Tilt,1.323188610016,1.323188610016,1.461227142996,0.905532460410,0.000000000000
2021-05-28,n5,N5 Industry Accumulation Tilt,1.323188610016,1.323188610016,1.484304152073,0.891453822431,0.000000000000
2021-06-30,n5,N5 Industry Accumulation Tilt,1.323188610016,1.323188610016,1.501746467536,0.881099865137,0.000000000000
2021-07-30,n5,N5 Industry Accumulation Tilt,1.323188610016,1.323188610016,1.511022629811,0.875690796359,0.000000000000
2021-08-31,n5,N5 Industry Accumulation Tilt,1.323188610016,1.323188610016,1.545230075337,0.856305239676,0.000000000000
2021-09-30,n5,N5 Industry Accumulation Tilt,1.323188610016,1.323188610016,1.481862132080,0.892922884910,0.000000000000
2021-10-29,n5,N5 Industry Accumulation Tilt,1.323188610016,1.323188610016,1.558117360702,0.849222685909,0.000000000000
2021-11-30,n5,N5 Industry Accumulation Tilt,1.323188610016,1.323188610016,1.517369645803,0.872027863267,0.000000000000
2021-12-31,n5,N5 Industry Accumulation Tilt,1.323188610016,1.323188610016,1.575229069142,0.839997582534,0.000000000000
2022-01-31,n5,N5 Industry Accumulation Tilt,1.323188610016,1.323188610016,1.503088061253,0.880313432144,0.000000000000
2022-02-28,n5,N5 Industry Accumulation Tilt,1.323188610016,1.323188610016,1.461445950543,0.905396884178,0.000000000000
2022-03-31,n5,N5 Industry Accumulation Tilt,1.323188610016,1.323188610016,1.489012507167,0.888634987045,0.000000000000
2022-04-29,n5,N5 Industry Accumulation Tilt,1.323188610016,1.323188610016,1.368468714514,0.966911845322,0.000000000000
2022-05-31,n5,N5 Industry Accumulation Tilt,1.323188610016,1.323188610016,1.375230985704,0.962157356670,0.000000000000
2022-06-30,n5,N5 Industry Accumulation Tilt,1.323188610016,1.323188610016,1.263350055341,1.047364983618,0.000000000000
2022-07-29,n5,N5 Industry Accumulation Tilt,1.323188610016,1.323188610016,1.351580605027,0.978993487399,0.000000000000
2022-08-31,n5,N5 Industry Accumulation Tilt,1.323188610016,1.323188610016,1.296806847239,1.020343633158,0.000000000000
2022-09-30,n5,N5 Industry Accumulation Tilt,1.323188610016,1.323188610016,1.173194957524,1.127850577204,0.000000000000
2022-10-31,n5,N5 Industry Accumulation Tilt,1.323188610016,1.323188610016,1.248007972900,1.060240510276,0.000000000000
2022-11-30,n5,N5 Industry Accumulation Tilt,1.323188610016,1.323188610016,1.351376171698,0.979141587463,0.000000000000
2022-12-30,n5,N5 Industry Accumulation Tilt,1.323188610016,1.323188610016,1.291470817941,1.024559433813,0.000000000000
2023-01-31,n5,N5 Industry Accumulation Tilt,1.323188610016,1.323188610016,1.390215309820,0.951786820839,0.000000000000
2023-02-28,n5,N5 Industry Accumulation Tilt,1.323188610016,1.323188610016,1.346011393964,0.983044137628,0.000000000000
2023-03-31,n5,N5 Industry Accumulation Tilt,1.323188610016,1.323188610016,1.384329865952,0.955833318749,0.000000000000
2023-04-28,n5,N5 Industry Accumulation Tilt,1.334476389239,1.334476389239,1.404022545163,0.950466496308,0.008530740922
2023-05-31,n5,N5 Industry Accumulation Tilt,1.316832063408,1.316832063408,1.387037010418,0.949384950450,-0.013221909337
2023-06-30,n5,N5 Industry Accumulation Tilt,1.412423637276,1.412423637276,1.467698735548,0.962338934460,0.072592076487
2023-07-31,n5,N5 Industry Accumulation Tilt,1.447820709141,1.447820709141,1.522331945423,0.951054540696,0.025061228750
2023-08-31,n5,N5 Industry Accumulation Tilt,1.423593808851,1.423593808851,1.479047979544,0.962506848013,-0.016733356649
2023-09-29,n5,N5 Industry Accumulation Tilt,1.360319544948,1.360319544948,1.416117651380,0.960597831417,-0.044446852402
2023-10-31,n5,N5 Industry Accumulation Tilt,1.324665452125,1.324665452125,1.374780593527,0.963546807659,-0.026210086413
2023-11-30,n5,N5 Industry Accumulation Tilt,1.439600786648,1.439600786648,1.498641636361,0.960603757242,0.086765556042
2023-12-29,n5,N5 Industry Accumulation Tilt,1.511474543837,1.511474543837,1.575882297511,0.959129083577,0.049926172489
2024-01-31,n5,N5 Industry Accumulation Tilt,1.517106425403,1.517106425403,1.575882297511,0.962702879396,0.003726084299
2024-02-29,n5,N5 Industry Accumulation Tilt,1.590356507090,1.590356507090,1.646649768974,0.965813457758,0.048282757531
2024-03-28,n5,N5 Industry Accumulation Tilt,1.644651178173,1.644651178173,1.699195522910,0.967899900864,0.034139937078
2024-04-30,n5,N5 Industry Accumulation Tilt,1.616691153275,1.616691153275,1.638301542354,0.986809272579,-0.017000580591
2024-05-31,n5,N5 Industry Accumulation Tilt,1.634161167124,1.634161167124,1.713649598081,0.953614536457,0.010806030461
2024-06-28,n5,N5 Industry Accumulation Tilt,1.624894766319,1.624894766319,1.740852007839,0.933390523148,-0.005670432630
2024-07-31,n5,N5 Industry Accumulation Tilt,1.669034029624,1.669034029624,1.775319786431,0.940131486384,0.027164382716
2024-08-30,n5,N5 Industry Accumulation Tilt,1.692165796340,1.692165796340,1.816743089595,0.931428227817,0.013859373929
2024-09-30,n5,N5 Industry Accumulation Tilt,1.692165796340,1.692165796340,1.856677862586,0.911394394493,0.000000000000
2024-10-31,n5,N5 Industry Accumulation Tilt,1.692165796340,1.692165796340,1.816193675024,0.931709993053,0.000000000000
2024-11-29,n5,N5 Industry Accumulation Tilt,1.692165796340,1.692165796340,1.891423542734,0.894651968799,0.000000000000
2024-12-31,n5,N5 Industry Accumulation Tilt,1.692165796340,1.692165796340,1.835780943300,0.921768908494,0.000000000000
2025-01-31,n5,N5 Industry Accumulation Tilt,1.692165796340,1.692165796340,1.891878726316,0.894436716689,0.000000000000
2025-02-28,n5,N5 Industry Accumulation Tilt,1.692165796340,1.692165796340,1.884065540047,0.898145929837,0.000000000000
2025-03-31,n5,N5 Industry Accumulation Tilt,1.692165796340,1.692165796340,1.817806781756,0.930883201297,0.000000000000
2025-04-30,n5,N5 Industry Accumulation Tilt,1.692165796340,1.692165796340,1.827996505468,0.925694218385,0.000000000000
2025-05-30,n5,N5 Industry Accumulation Tilt,1.692165796340,1.692165796340,1.934134137012,0.874895780990,0.000000000000
2025-06-30,n5,N5 Industry Accumulation Tilt,1.692165796340,1.692165796340,2.024555956437,0.835820709702,0.000000000000
2025-07-31,n5,N5 Industry Accumulation Tilt,1.692165796340,1.692165796340,2.046768915274,0.826749802439,0.000000000000
2025-08-29,n5,N5 Industry Accumulation Tilt,1.692165796340,1.692165796340,2.107258820579,0.803017540994,0.000000000000
2025-09-30,n5,N5 Industry Accumulation Tilt,1.692165796340,1.692165796340,2.178293013651,0.776831117639,0.000000000000
2025-10-31,n5,N5 Industry Accumulation Tilt,1.692165796340,1.692165796340,2.222396309978,0.761414959493,0.000000000000
2025-11-28,n5,N5 Industry Accumulation Tilt,1.692165796340,1.692165796340,2.227138204916,0.759793798429,0.000000000000
2025-12-31,n5,N5 Industry Accumulation Tilt,1.692165796340,1.692165796340,2.247524040880,0.752902200627,0.000000000000
2026-01-30,n5,N5 Industry Accumulation Tilt,1.692165796340,1.692165796340,2.317470584759,0.730177896310,0.000000000000
2026-02-27,n5,N5 Industry Accumulation Tilt,1.692165796340,1.692165796340,2.355551083576,0.718373635850,0.000000000000
2026-03-31,n5,N5 Industry Accumulation Tilt,1.692165796340,1.692165796340,2.209157654830,0.765977834420,0.000000000000
2026-04-30,n5,N5 Industry Accumulation Tilt,1.692165796340,1.692165796340,2.414868691515,0.700727870747,0.000000000000
2026-05-28,n5,N5 Industry Accumulation Tilt,1.692165796340,1.692165796340,2.521397621227,0.671122151498,0.000000000000
2019-02-28,n6,N6 Top-3 Industry Leaders,0.999632461965,1.000000000000,1.000000000000,1.000000000000,0.000000000000
2019-03-29,n6,N6 Top-3 Industry Leaders,1.003141976535,1.003510804924,1.010648101565,0.992937901303,0.003510804924
2019-04-30,n6,N6 Top-3 Industry Leaders,1.067614148963,1.068006682040,1.045730777278,1.021301758776,0.064270236852
2019-05-31,n6,N6 Top-3 Industry Leaders,0.983894938066,0.984256689836,0.983300352488,1.000972579076,-0.078417105073
2019-06-28,n6,N6 Top-3 Industry Leaders,1.061141160335,1.061531313468,1.045922433523,1.014923554027,0.078510641005
2019-07-31,n6,N6 Top-3 Industry Leaders,1.084080046833,1.084478633979,1.045922433523,1.036863345904,0.021617186625
2019-08-30,n6,N6 Top-3 Industry Leaders,1.052246122144,1.052633004810,1.023936267910,1.028025901416,-0.029364920775
2019-09-30,n6,N6 Top-3 Industry Leaders,1.083783051081,1.084181529030,1.047241667345,1.035273483510,0.029971057411
2019-10-31,n6,N6 Top-3 Industry Leaders,1.111526717983,1.111935396534,1.076494798929,1.032922219077,0.025598911954
2019-11-29,n6,N6 Top-3 Industry Leaders,1.166996590725,1.167425664060,1.104067744094,1.057385898922,0.049904218985
2019-12-31,n6,N6 Top-3 Industry Leaders,1.194376304417,1.194815444538,1.142176991348,1.046086073864,0.023461691242
2020-01-31,n6,N6 Top-3 Industry Leaders,1.199695109976,1.200136205679,1.124407263133,1.067350100830,0.004453207535
2020-02-28,n6,N6 Top-3 Industry Leaders,1.087550646705,1.087950509898,1.043175360673,1.042921977371,-0.093477469682
2020-03-31,n6,N6 Top-3 Industry Leaders,0.912948080015,0.913283746529,0.889233870131,1.027045614439,-0.160546607387
2020-04-30,n6,N6 Top-3 Industry Leaders,1.011579793638,1.011951724386,0.981414135606,1.031115904766,0.108036498222
2020-05-29,n6,N6 Top-3 Industry Leaders,1.064465096341,1.064856471596,1.032530453379,1.031307568810,0.052279912109
2020-06-30,n6,N6 Top-3 Industry Leaders,1.097512761929,1.097916287924,1.064196856518,1.031685332652,0.031046265116
2020-07-31,n6,N6 Top-3 Industry Leaders,1.149615891949,1.150038574867,1.120537404112,1.026327698341,0.047473826116
2020-08-31,n6,N6 Top-3 Industry Leaders,1.248666932159,1.249126033487,1.187831106128,1.051602392834,0.086160117395
2020-09-30,n6,N6 Top-3 Industry Leaders,1.206964678998,1.207408447526,1.153087023115,1.047109561830,-0.033397419349
2020-10-30,n6,N6 Top-3 Industry Leaders,1.174241155589,1.174672892556,1.129494139312,1.039999103733,-0.027112246098
2020-11-30,n6,N6 Top-3 Industry Leaders,1.343835118486,1.344329210602,1.269197167960,1.059196509841,0.144428563153
2020-12-31,n6,N6 Top-3 Industry Leaders,1.401118194982,1.401633348549,1.331851191703,1.052394860087,0.042626566093
2021-01-29,n6,N6 Top-3 Industry Leaders,1.370030985848,1.370534709482,1.328831008703,1.031383750459,-0.022187428045
2021-02-26,n6,N6 Top-3 Industry Leaders,1.453943917807,1.454478493975,1.364364076592,1.066048658806,0.061248930007
2021-03-31,n6,N6 Top-3 Industry Leaders,1.534775979915,1.535340275863,1.403244740234,1.094135778202,0.055595034388
2021-04-30,n6,N6 Top-3 Industry Leaders,1.612350779091,1.612943597211,1.461227142996,1.103828111148,0.050544705020
2021-05-28,n6,N6 Top-3 Industry Leaders,1.650701186767,1.651308105303,1.484304152073,1.112513296549,0.023785399662
2021-06-30,n6,N6 Top-3 Industry Leaders,1.655769320412,1.656378102365,1.501746467536,1.102967869858,0.003070291392
2021-07-30,n6,N6 Top-3 Industry Leaders,1.679732718034,1.680350310685,1.511022629811,1.112061644567,0.014472666770
2021-08-31,n6,N6 Top-3 Industry Leaders,1.734685956057,1.735323753539,1.545230075337,1.123019659814,0.032715465641
2021-09-30,n6,N6 Top-3 Industry Leaders,1.655346561929,1.655955188445,1.481862132080,1.117482627160,-0.045737036062
2021-10-29,n6,N6 Top-3 Industry Leaders,1.778265872974,1.778919693623,1.558117360702,1.141710976650,0.074255937622
2021-11-30,n6,N6 Top-3 Industry Leaders,1.750051866843,1.750695313959,1.517369645803,1.153769827148,-0.015866022376
2021-12-31,n6,N6 Top-3 Industry Leaders,1.819366825497,1.820035757863,1.575229069142,1.155410215262,0.039607373911
2022-01-31,n6,N6 Top-3 Industry Leaders,1.747574756566,1.748217292915,1.503088061253,1.163083746043,-0.039459919751
2022-02-28,n6,N6 Top-3 Industry Leaders,1.705203691715,1.705830649360,1.461445950543,1.167221167999,-0.024245637957
2022-03-31,n6,N6 Top-3 Industry Leaders,1.742297480995,1.742938077031,1.489012507167,1.170532865669,0.021753289334
2022-04-29,n6,N6 Top-3 Industry Leaders,1.551126848329,1.551697156053,1.368468714514,1.133893043806,-0.109723301991
2022-05-31,n6,N6 Top-3 Industry Leaders,1.535950217772,1.536514945456,1.375230985704,1.117277723836,-0.009784261405
2022-06-30,n6,N6 Top-3 Industry Leaders,1.377396713705,1.377903145520,1.263350055341,1.090674069071,-0.103228283204
2022-07-29,n6,N6 Top-3 Industry Leaders,1.554232557267,1.554804006876,1.351580605027,1.150359809170,0.128384104450
2022-08-31,n6,N6 Top-3 Industry Leaders,1.488321740094,1.488868956064,1.296806847239,1.148103866998,-0.042407306979
2022-09-30,n6,N6 Top-3 Industry Leaders,1.350263738220,1.350760193967,1.173194957524,1.151351857851,-0.092760858190
2022-10-31,n6,N6 Top-3 Industry Leaders,1.444063859811,1.444594803346,1.248007972900,1.157520492429,0.069468000166
2022-11-30,n6,N6 Top-3 Industry Leaders,1.516201037347,1.516758503787,1.351376171698,1.122380677973,0.049954284948
2022-12-30,n6,N6 Top-3 Industry Leaders,1.393705324673,1.394217752726,1.291470817941,1.079558077006,-0.080791207536
2023-01-31,n6,N6 Top-3 Industry Leaders,1.534280475527,1.534844589291,1.390215309820,1.104033726610,0.100864327893
2023-02-28,n6,N6 Top-3 Industry Leaders,1.513408159526,1.513964599100,1.346011393964,1.124778442359,-0.013603976805
2023-03-31,n6,N6 Top-3 Industry Leaders,1.529495346587,1.530057700988,1.384329865952,1.105269588282,0.010629774235
2023-04-28,n6,N6 Top-3 Industry Leaders,1.539334581099,1.539900553122,1.404022545163,1.096777653911,0.006432994081
2023-05-31,n6,N6 Top-3 Industry Leaders,1.575169382141,1.575748529659,1.387037010418,1.136053701396,0.023279410131
2023-06-30,n6,N6 Top-3 Industry Leaders,1.705301122533,1.705928116001,1.467698735548,1.162314904744,0.082614442528
2023-07-31,n6,N6 Top-3 Industry Leaders,1.759723305609,1.760370308653,1.522331945423,1.156364296201,0.031913532664
2023-08-31,n6,N6 Top-3 Industry Leaders,1.725138691156,1.725772978365,1.479047979544,1.166813384173,-0.019653438892
2023-09-29,n6,N6 Top-3 Industry Leaders,1.637463691508,1.638065742972,1.416117651380,1.156729980292,-0.050822000630
2023-10-31,n6,N6 Top-3 Industry Leaders,1.594386202495,1.594972415522,1.374780593527,1.160165064179,-0.026307446838
2023-11-30,n6,N6 Top-3 Industry Leaders,1.779819903503,1.780474295527,1.498641636361,1.188058740881,0.116304130529
2023-12-29,n6,N6 Top-3 Industry Leaders,1.871650169227,1.872338324776,1.575882297511,1.188120665949,0.051595257219
2024-01-31,n6,N6 Top-3 Industry Leaders,1.880921459268,1.881613023621,1.575882297511,1.194006066692,0.004953537896
2024-02-29,n6,N6 Top-3 Industry Leaders,1.984177413756,1.984906942553,1.646649768974,1.205421444166,0.054896473204
2024-03-28,n6,N6 Top-3 Industry Leaders,2.020716737632,2.021459700958,1.699195522910,1.189656913347,0.018415351179
2024-04-30,n6,N6 Top-3 Industry Leaders,1.923620140265,1.924327403778,1.638301542354,1.174586823017,-0.048050573125
2024-05-31,n6,N6 Top-3 Industry Leaders,1.990399155365,1.991130971730,1.713649598081,1.161924219490,0.034715281724
2024-06-28,n6,N6 Top-3 Industry Leaders,2.061591106012,2.062349097747,1.740852007839,1.184678013100,0.035767675270
2024-07-31,n6,N6 Top-3 Industry Leaders,2.099550364055,2.100322312391,1.775319786431,1.183067033018,0.018412602738
2024-08-30,n6,N6 Top-3 Industry Leaders,2.136165765037,2.136951175873,1.816743089595,1.176253917305,0.017439639272
2024-09-30,n6,N6 Top-3 Industry Leaders,2.203026590809,2.203836584577,1.856677862586,1.186978435509,0.031299455719
2024-10-31,n6,N6 Top-3 Industry Leaders,2.196484551706,2.197292140142,1.816193675024,1.209833604399,-0.002969568833
2024-11-29,n6,N6 Top-3 Industry Leaders,2.406507355263,2.407392163448,1.891423542734,1.272793802687,0.095617701201
2024-12-31,n6,N6 Top-3 Industry Leaders,2.369431962645,2.370303139203,1.835780943300,1.291168833544,-0.015406307625
2025-01-31,n6,N6 Top-3 Industry Leaders,2.443029585106,2.443927821535,1.891878726316,1.291799409518,0.031061293855
2025-02-28,n6,N6 Top-3 Industry Leaders,2.375121597692,2.375994866176,1.884065540047,1.261099901077,-0.027796629164
2025-03-31,n6,N6 Top-3 Industry Leaders,2.210330610999,2.211143290259,1.817806781756,1.216379712327,-0.069382126310
2025-04-30,n6,N6 Top-3 Industry Leaders,2.205880927420,2.206691970651,1.827996505468,1.207164217246,-0.002013130324
2025-05-30,n6,N6 Top-3 Industry Leaders,2.373810468726,2.374683255143,1.934134137012,1.227775886740,0.076128107922
2025-06-30,n6,N6 Top-3 Industry Leaders,2.492566980588,2.493483430588,2.024555956437,1.231619912831,0.050027798523
2025-07-31,n6,N6 Top-3 Industry Leaders,2.541165158649,2.542099476896,2.046768915274,1.242006099431,0.019497240571
2025-08-29,n6,N6 Top-3 Industry Leaders,2.602869184690,2.603826189851,2.107258820579,1.235646122072,0.024281785004
2025-09-30,n6,N6 Top-3 Industry Leaders,2.700307713107,2.701300543801,2.178293013651,1.240099714259,0.037435046291
2025-10-31,n6,N6 Top-3 Industry Leaders,2.739506125769,2.740513368667,2.222396309978,1.233134412779,0.014516276227
2025-11-28,n6,N6 Top-3 Industry Leaders,2.694105819337,2.695096369761,2.227138204916,1.210116356413,-0.016572442020
2025-12-31,n6,N6 Top-3 Industry Leaders,2.738113857194,2.739120588193,2.247524040880,1.218728048453,0.016334932927
2026-01-30,n6,N6 Top-3 Industry Leaders,2.729226925567,2.730230389079,2.317470584759,1.178107893595,-0.003245639915
2026-02-27,n6,N6 Top-3 Industry Leaders,2.630368207084,2.631335322898,2.355551083576,1.117078437078,-0.036222242114
2026-03-31,n6,N6 Top-3 Industry Leaders,2.505721428599,2.506642715137,2.209157654830,1.134659950437,-0.047387577963
2026-04-30,n6,N6 Top-3 Industry Leaders,2.791402038900,2.792428362533,2.414868691515,1.156347909244,0.114011321067
2026-05-28,n6,N6 Top-3 Industry Leaders,2.977173960519,2.978268587503,2.521397621227,1.181197508251,0.066551474503
2019-02-28,n7,N7 Top-3 Industry Increases,1.000000000000,1.000000000000,1.000000000000,1.000000000000,0.000000000000
2019-03-29,n7,N7 Top-3 Industry Increases,1.029662279487,1.029662279487,1.010648101565,1.018813846177,0.029662279487
2019-04-30,n7,N7 Top-3 Industry Increases,1.061676921533,1.061676921533,1.045730777278,1.015248804570,0.031092371435
2019-05-31,n7,N7 Top-3 Industry Increases,0.994556417813,0.994556417813,0.983300352488,1.011447230032,-0.063221213873
2019-06-28,n7,N7 Top-3 Industry Increases,1.072211363464,1.072211363464,1.045922433523,1.025134684082,0.078079980442
2019-07-31,n7,N7 Top-3 Industry Increases,1.084270722704,1.084270722704,1.045922433523,1.036664563214,0.011247184698
2019-08-30,n7,N7 Top-3 Industry Increases,1.072947576851,1.072947576851,1.023936267910,1.047865585464,-0.010443098403
2019-09-30,n7,N7 Top-3 Industry Increases,1.083168526228,1.083168526228,1.047241667345,1.034306177841,0.009526047309
2019-10-31,n7,N7 Top-3 Industry Increases,1.115552495151,1.115552495151,1.076494798929,1.036282289762,0.029897442678
2019-11-29,n7,N7 Top-3 Industry Increases,1.159220559995,1.159220559995,1.104067744094,1.049954195470,0.039144787030
2019-12-31,n7,N7 Top-3 Industry Increases,1.200377165905,1.200377165905,1.142176991348,1.050955478002,0.035503688711
2020-01-31,n7,N7 Top-3 Industry Increases,1.207394984583,1.207394984583,1.124407263133,1.073805750079,0.005846344697
2020-02-28,n7,N7 Top-3 Industry Increases,1.120835313444,1.120835313444,1.043175360673,1.074445731464,-0.071691262797
2020-03-31,n7,N7 Top-3 Industry Increases,1.019322872970,1.019322872970,0.889233870131,1.146293351175,-0.090568560123
2020-04-30,n7,N7 Top-3 Industry Increases,1.093044436076,1.093044436076,0.981414135606,1.113744337298,0.072324054587
2020-05-29,n7,N7 Top-3 Industry Increases,1.138757046550,1.138757046550,1.032530453379,1.102879864534,0.041821365139
2020-06-30,n7,N7 Top-3 Industry Increases,1.174546579087,1.174546579087,1.064196856518,1.103692960464,0.031428593698
2020-07-31,n7,N7 Top-3 Industry Increases,1.215546555988,1.215546555988,1.120537404112,1.084788916039,0.034907067656
2020-08-31,n7,N7 Top-3 Industry Increases,1.302932201478,1.302932201478,1.187831106128,1.096900219868,0.071890002945
2020-09-30,n7,N7 Top-3 Industry Increases,1.272137821757,1.272137821757,1.153087023115,1.103245285269,-0.023634675454
2020-10-30,n7,N7 Top-3 Industry Increases,1.241426437642,1.241426437642,1.129494139312,1.099099494574,-0.024141554154
2020-11-30,n7,N7 Top-3 Industry Increases,1.358528014786,1.358528014786,1.269197167960,1.070383742638,0.094328244988
2020-12-31,n7,N7 Top-3 Industry Increases,1.392367812138,1.392367812138,1.331851191703,1.045437974462,0.024909164172
2021-01-29,n7,N7 Top-3 Industry Increases,1.367973125580,1.367973125580,1.328831008703,1.029456053193,-0.017520289068
2021-02-26,n7,N7 Top-3 Industry Increases,1.405987748309,1.405987748309,1.364364076592,1.030507745279,0.027789012824
2021-03-31,n7,N7 Top-3 Industry Increases,1.475273304526,1.475273304526,1.403244740234,1.051330008392,0.049278918896
2021-04-30,n7,N7 Top-3 Industry Increases,1.541089267606,1.541089267606,1.461227142996,1.054654148051,0.044612725573
2021-05-28,n7,N7 Top-3 Industry Increases,1.527863113836,1.527863113836,1.484304152073,1.029346385444,-0.008582341106
2021-06-30,n7,N7 Top-3 Industry Increases,1.576586980193,1.576586980193,1.501746467536,1.049835650874,0.031890203982
2021-07-30,n7,N7 Top-3 Industry Increases,1.614271518830,1.614271518830,1.511022629811,1.068330471683,0.023902606777
2021-08-31,n7,N7 Top-3 Industry Increases,1.648939618462,1.648939618462,1.545230075337,1.067115923240,0.021476002784
2021-09-30,n7,N7 Top-3 Industry Increases,1.581734185908,1.581734185908,1.481862132080,1.067396319581,-0.040756757738
2021-10-29,n7,N7 Top-3 Industry Increases,1.707334021654,1.707334021654,1.558117360702,1.095767279613,0.079406411561
2021-11-30,n7,N7 Top-3 Industry Increases,1.735639444699,1.735639444699,1.517369645803,1.143847479419,0.016578726064
2021-12-31,n7,N7 Top-3 Industry Increases,1.811714893137,1.811714893137,1.575229069142,1.150127894811,0.043831366399
2022-01-31,n7,N7 Top-3 Industry Increases,1.703035399965,1.703035399965,1.503088061253,1.133024367544,-0.059987083831
2022-02-28,n7,N7 Top-3 Industry Increases,1.644364410349,1.644364410349,1.461445950543,1.125162658077,-0.034450833857
2022-03-31,n7,N7 Top-3 Industry Increases,1.696098170643,1.696098170643,1.489012507167,1.139075838839,0.031461250297
2022-04-29,n7,N7 Top-3 Industry Increases,1.621410690660,1.621410690660,1.368468714514,1.184835775538,-0.044034880336
2022-05-31,n7,N7 Top-3 Industry Increases,1.544460663578,1.544460663578,1.375230985704,1.123055457325,-0.047458689847
2022-06-30,n7,N7 Top-3 Industry Increases,1.444609997466,1.444609997466,1.263350055341,1.143475627645,-0.064650831495
2022-07-29,n7,N7 Top-3 Industry Increases,1.580629834134,1.580629834134,1.351580605027,1.169467679734,0.094156787580
2022-08-31,n7,N7 Top-3 Industry Increases,1.518488814962,1.518488814962,1.296806847239,1.170944476577,-0.039314087227
2022-09-30,n7,N7 Top-3 Industry Increases,1.369742030745,1.369742030745,1.173194957524,1.167531467775,-0.097957115490
2022-10-31,n7,N7 Top-3 Industry Increases,1.428552424359,1.428552424359,1.248007972900,1.144666104207,0.042935379286
2022-11-30,n7,N7 Top-3 Industry Increases,1.498599621681,1.498599621681,1.351376171698,1.108943352018,0.049033690418
2022-12-30,n7,N7 Top-3 Industry Increases,1.409154387047,1.409154387047,1.291470817941,1.091123676564,-0.059685878296
2023-01-31,n7,N7 Top-3 Industry Increases,1.507187962535,1.507187962535,1.390215309820,1.084139954357,0.069569080854
2023-02-28,n7,N7 Top-3 Industry Increases,1.455805752274,1.455805752274,1.346011393964,1.081570155203,-0.034091441504
2023-03-31,n7,N7 Top-3 Industry Increases,1.485769643641,1.485769643641,1.384329865952,1.073277171997,0.020582341648
2023-04-28,n7,N7 Top-3 Industry Increases,1.530803015757,1.530803015757,1.404022545163,1.090298030492,0.030309794192
2023-05-31,n7,N7 Top-3 Industry Increases,1.436215536775,1.436215536775,1.387037010418,1.035455814075,-0.061789451685
2023-06-30,n7,N7 Top-3 Industry Increases,1.521204181413,1.521204181413,1.467698735548,1.036455332807,0.059175410975
2023-07-31,n7,N7 Top-3 Industry Increases,1.589794489721,1.589794489721,1.522331945423,1.044315265472,0.045089481837
2023-08-31,n7,N7 Top-3 Industry Increases,1.580171157478,1.580171157478,1.479047979544,1.068370451353,-0.006053192601
2023-09-29,n7,N7 Top-3 Industry Increases,1.561450611920,1.561450611920,1.416117651380,1.102627744522,-0.011847163182
2023-10-31,n7,N7 Top-3 Industry Increases,1.501060908748,1.501060908748,1.374780593527,1.091854886383,-0.038675384742
2023-11-30,n7,N7 Top-3 Industry Increases,1.578489330980,1.578489330980,1.498641636361,1.053280045530,0.051582465296
2023-12-29,n7,N7 Top-3 Industry Increases,1.630052049356,1.630052049356,1.575882297511,1.034374237169,0.032665864358
2024-01-31,n7,N7 Top-3 Industry Increases,1.661030763416,1.661030763416,1.575882297511,1.054032249768,0.019004739187
2024-02-29,n7,N7 Top-3 Industry Increases,1.719661686326,1.719661686326,1.646649768974,1.044339676067,0.035297915127
2024-03-28,n7,N7 Top-3 Industry Increases,1.723803120797,1.723803120797,1.699195522910,1.014481910737,0.002408284434
2024-04-30,n7,N7 Top-3 Industry Increases,1.664752562543,1.664752562543,1.638301542354,1.016145391740,-0.034255975953
2024-05-31,n7,N7 Top-3 Industry Increases,1.704374012279,1.704374012279,1.713649598081,0.994587233112,0.023800203482
2024-06-28,n7,N7 Top-3 Industry Increases,1.771338188798,1.771338188798,1.740852007839,1.017512218627,0.039289601952
2024-07-31,n7,N7 Top-3 Industry Increases,1.766579822337,1.766579822337,1.775319786431,0.995076963508,-0.002686311677
2024-08-30,n7,N7 Top-3 Industry Increases,1.769676946237,1.769676946237,1.816743089595,0.974093121021,0.001753175181
2024-09-30,n7,N7 Top-3 Industry Increases,1.816545482425,1.816545482425,1.856677862586,0.978384844798,0.026484232779
2024-10-31,n7,N7 Top-3 Industry Increases,1.788222038802,1.788222038802,1.816193675024,0.984598759148,-0.015591926487
2024-11-29,n7,N7 Top-3 Industry Increases,1.880674708043,1.880674708043,1.891423542734,0.994317066248,0.051700889059
2024-12-31,n7,N7 Top-3 Industry Increases,1.873971779918,1.873971779918,1.835780943300,1.020803591386,-0.003564108188
2025-01-31,n7,N7 Top-3 Industry Increases,1.860189208716,1.860189208716,1.891878726316,0.983249709847,-0.007354737862
2025-02-28,n7,N7 Top-3 Industry Increases,1.817636656771,1.817636656771,1.884065540047,0.964741734369,-0.022875389098
2025-03-31,n7,N7 Top-3 Industry Increases,1.691525160665,1.691525160665,1.817806781756,0.930530778981,-0.069382126310
2025-04-30,n7,N7 Top-3 Industry Increases,1.688119900070,1.688119900070,1.827996505468,0.923480922978,-0.002013130324
2025-05-30,n7,N7 Top-3 Industry Increases,1.816633274008,1.816633274008,1.934134137012,0.939248855208,0.076128107922
2025-06-30,n7,N7 Top-3 Industry Increases,1.907515437431,1.907515437431,2.024555956437,0.942189536114,0.050027798523
2025-07-31,n7,N7 Top-3 Industry Increases,1.944706724809,1.944706724809,2.046768915274,0.950134971416,0.019497240572
2025-08-29,n7,N7 Top-3 Industry Increases,1.991927675396,1.991927675396,2.107258820579,0.945269587173,0.024281785004
2025-09-30,n7,N7 Top-3 Industry Increases,2.005105674398,2.005105674398,2.178293013651,0.920494011518,0.006615701546
2025-10-31,n7,N7 Top-3 Industry Increases,1.990238641463,1.990238641463,2.222396309978,0.895537232728,-0.007414588231
2025-11-28,n7,N7 Top-3 Industry Increases,1.996074896361,1.996074896361,2.227138204916,0.896251023827,0.002932439747
2025-12-31,n7,N7 Top-3 Industry Increases,2.024748408902,2.024748408902,2.247524040880,0.900879533244,0.014364948226
2026-01-30,n7,N7 Top-3 Industry Increases,2.053697007160,2.053697007160,2.317470584759,0.886180398865,0.014297380421
2026-02-27,n7,N7 Top-3 Industry Increases,2.080300171620,2.080300171620,2.355551083576,0.883147975913,0.012953792291
2026-03-31,n7,N7 Top-3 Industry Increases,1.992077084017,1.992077084017,2.209157654830,0.901736043900,-0.042408825806
2026-04-30,n7,N7 Top-3 Industry Increases,2.142106779394,2.142106779394,2.414868691515,0.887048967474,0.075313197758
2026-05-28,n7,N7 Top-3 Industry Increases,2.299445214132,2.299445214132,2.521397621227,0.911972469068,0.073450322949
2019-02-28,n8,N8 Consensus Rotation Tilt,1.000000000000,1.000000000000,1.000000000000,1.000000000000,0.000000000000
2019-03-29,n8,N8 Consensus Rotation Tilt,1.023602618991,1.023602618991,1.010648101565,1.012818029743,0.023602618991
2019-04-30,n8,N8 Consensus Rotation Tilt,1.039842993740,1.039842993740,1.045730777278,0.994369694700,0.015865898003
2019-05-31,n8,N8 Consensus Rotation Tilt,0.984351341391,0.984351341391,0.983300352488,1.001068838123,-0.053365414474
2019-06-28,n8,N8 Consensus Rotation Tilt,1.058878837859,1.058878837859,1.045922433523,1.012387538426,0.075712292282
2019-07-31,n8,N8 Consensus Rotation Tilt,1.064954905480,1.064954905480,1.045922433523,1.018196829274,0.005738208569
2019-08-30,n8,N8 Consensus Rotation Tilt,1.054558060587,1.054558060587,1.023936267910,1.029905955709,-0.009762709049
2019-09-30,n8,N8 Consensus Rotation Tilt,1.061929264719,1.061929264719,1.047241667345,1.014025031501,0.006989851396
2019-10-31,n8,N8 Consensus Rotation Tilt,1.103019486683,1.103019486683,1.076494798929,1.024639866148,0.038693935019
2019-11-29,n8,N8 Consensus Rotation Tilt,1.153086231655,1.153086231655,1.104067744094,1.044398079577,0.045390625983
2019-12-31,n8,N8 Consensus Rotation Tilt,1.195286714624,1.195286714624,1.142176991348,1.046498680746,0.036597855226
2020-01-31,n8,N8 Consensus Rotation Tilt,1.196135991913,1.196135991913,1.124407263133,1.063792480831,0.000710521818
2020-02-28,n8,N8 Consensus Rotation Tilt,1.112416555324,1.112416555324,1.043175360673,1.066375412286,-0.069991570486
2020-03-31,n8,N8 Consensus Rotation Tilt,0.966815366252,0.966815366252,0.889233870131,1.087245322887,-0.130887290714
2020-04-30,n8,N8 Consensus Rotation Tilt,1.079383102782,1.079383102782,0.981414135606,1.099824287853,0.116431472295
2020-05-29,n8,N8 Consensus Rotation Tilt,1.148832698232,1.148832698232,1.032530453379,1.112638077136,0.064341933157
2020-06-30,n8,N8 Consensus Rotation Tilt,1.205249970792,1.205249970792,1.064196856518,1.132544193689,0.049108345059
2020-07-31,n8,N8 Consensus Rotation Tilt,1.267628819587,1.267628819587,1.120537404112,1.131268634974,0.051755943005
2020-08-31,n8,N8 Consensus Rotation Tilt,1.401145237198,1.401145237198,1.187831106128,1.179582880066,0.105327691788
2020-09-30,n8,N8 Consensus Rotation Tilt,1.351671057687,1.351671057687,1.153087023115,1.172219468774,-0.035309815284
2020-10-30,n8,N8 Consensus Rotation Tilt,1.303220055848,1.303220055848,1.129494139312,1.153808603772,-0.035845260993
2020-11-30,n8,N8 Consensus Rotation Tilt,1.476072255567,1.476072255567,1.269197167960,1.162996808400,0.132634698909
2020-12-31,n8,N8 Consensus Rotation Tilt,1.529960778541,1.529960778541,1.331851191703,1.148747538819,0.036508052211
2021-01-29,n8,N8 Consensus Rotation Tilt,1.495845575638,1.495845575638,1.328831008703,1.125685332327,-0.022298089847
2021-02-26,n8,N8 Consensus Rotation Tilt,1.549083610985,1.549083610985,1.364364076592,1.135388740851,0.035590595857
2021-03-31,n8,N8 Consensus Rotation Tilt,1.549083610985,1.549083610985,1.403244740234,1.103929746943,0.000000000000
2021-04-30,n8,N8 Consensus Rotation Tilt,1.549083610985,1.549083610985,1.461227142996,1.060125127301,0.000000000000
2021-05-28,n8,N8 Consensus Rotation Tilt,1.549083610985,1.549083610985,1.484304152073,1.043642981677,0.000000000000
2021-06-30,n8,N8 Consensus Rotation Tilt,1.549083610985,1.549083610985,1.501746467536,1.031521394904,0.000000000000
2021-07-30,n8,N8 Consensus Rotation Tilt,1.549083610985,1.549083610985,1.511022629811,1.025188888917,0.000000000000
2021-08-31,n8,N8 Consensus Rotation Tilt,1.549083610985,1.549083610985,1.545230075337,1.002493826460,0.000000000000
2021-09-30,n8,N8 Consensus Rotation Tilt,1.549083610985,1.549083610985,1.481862132080,1.045362842770,0.000000000000
2021-10-29,n8,N8 Consensus Rotation Tilt,1.549083610985,1.549083610985,1.558117360702,0.994202137820,0.000000000000
2021-11-30,n8,N8 Consensus Rotation Tilt,1.549083610985,1.549083610985,1.517369645803,1.020900619219,0.000000000000
2021-12-31,n8,N8 Consensus Rotation Tilt,1.549083610985,1.549083610985,1.575229069142,0.983402123114,0.000000000000
2022-01-31,n8,N8 Consensus Rotation Tilt,1.549083610985,1.549083610985,1.503088061253,1.030600701926,0.000000000000
2022-02-28,n8,N8 Consensus Rotation Tilt,1.549083610985,1.549083610985,1.461445950543,1.059966405469,0.000000000000
2022-03-31,n8,N8 Consensus Rotation Tilt,1.549083610985,1.549083610985,1.489012507167,1.040342914199,0.000000000000
2022-04-29,n8,N8 Consensus Rotation Tilt,1.549083610985,1.549083610985,1.368468714514,1.131983212006,0.000000000000
2022-05-31,n8,N8 Consensus Rotation Tilt,1.549083610985,1.549083610985,1.375230985704,1.126417036184,0.000000000000
2022-06-30,n8,N8 Consensus Rotation Tilt,1.549083610985,1.549083610985,1.263350055341,1.226171324754,0.000000000000
2022-07-29,n8,N8 Consensus Rotation Tilt,1.549083610985,1.549083610985,1.351580605027,1.146127434223,0.000000000000
2022-08-31,n8,N8 Consensus Rotation Tilt,1.549083610985,1.549083610985,1.296806847239,1.194536884412,0.000000000000
2022-09-30,n8,N8 Consensus Rotation Tilt,1.549083610985,1.549083610985,1.173194957524,1.320397433564,0.000000000000
2022-10-31,n8,N8 Consensus Rotation Tilt,1.549083610985,1.549083610985,1.248007972900,1.241244963672,0.000000000000
2022-11-30,n8,N8 Consensus Rotation Tilt,1.549083610985,1.549083610985,1.351376171698,1.146300817957,0.000000000000
2022-12-30,n8,N8 Consensus Rotation Tilt,1.549083610985,1.549083610985,1.291470817941,1.199472407325,0.000000000000
2023-01-31,n8,N8 Consensus Rotation Tilt,1.549083610985,1.549083610985,1.390215309820,1.114276040583,0.000000000000
2023-02-28,n8,N8 Consensus Rotation Tilt,1.549083610985,1.549083610985,1.346011393964,1.150869612198,0.000000000000
2023-03-31,n8,N8 Consensus Rotation Tilt,1.549083610985,1.549083610985,1.384329865952,1.119013357354,0.000000000000
2023-04-28,n8,N8 Consensus Rotation Tilt,1.596220944561,1.596220944561,1.404022545163,1.136891248691,0.030429173249
2023-05-31,n8,N8 Consensus Rotation Tilt,1.530556736027,1.530556736027,1.387037010418,1.103472167311,-0.041137292903
2023-06-30,n8,N8 Consensus Rotation Tilt,1.607709994561,1.607709994561,1.467698735548,1.095395094117,0.050408623684
2023-07-31,n8,N8 Consensus Rotation Tilt,1.648434507336,1.648434507336,1.522331945423,1.082835128234,0.025330757980
2023-08-31,n8,N8 Consensus Rotation Tilt,1.623820016136,1.623820016136,1.479047979544,1.097881906871,-0.014932040727
2023-09-29,n8,N8 Consensus Rotation Tilt,1.576548878800,1.576548878800,1.416117651380,1.113289476523,-0.029111069494
2023-10-31,n8,N8 Consensus Rotation Tilt,1.532156414156,1.532156414156,1.374780593527,1.114473408608,-0.028158000834
2023-11-30,n8,N8 Consensus Rotation Tilt,1.646694245593,1.646694245593,1.498641636361,1.098791202406,0.074755965108
2023-12-29,n8,N8 Consensus Rotation Tilt,1.721916628373,1.721916628373,1.575882297511,1.092668298319,0.045680843898
2024-01-31,n8,N8 Consensus Rotation Tilt,1.771903891198,1.771903891198,1.575882297511,1.124388473680,0.029030013417
2024-02-29,n8,N8 Consensus Rotation Tilt,1.833042668482,1.833042668482,1.646649768974,1.113195230109,0.034504567425
2024-03-28,n8,N8 Consensus Rotation Tilt,1.833042668482,1.833042668482,1.699195522910,1.078770891147,0.000000000000
2024-04-30,n8,N8 Consensus Rotation Tilt,1.833042668482,1.833042668482,1.638301542354,1.118867693824,0.000000000000
2024-05-31,n8,N8 Consensus Rotation Tilt,1.833042668482,1.833042668482,1.713649598081,1.069671810699,0.000000000000
2024-06-28,n8,N8 Consensus Rotation Tilt,1.833042668482,1.833042668482,1.740852007839,1.052957207292,0.000000000000
2024-07-31,n8,N8 Consensus Rotation Tilt,1.833042668482,1.833042668482,1.775319786431,1.032514075769,0.000000000000
2024-08-30,n8,N8 Consensus Rotation Tilt,1.833042668482,1.833042668482,1.816743089595,1.008971867834,0.000000000000
2024-09-30,n8,N8 Consensus Rotation Tilt,1.833042668482,1.833042668482,1.856677862586,0.987270169705,0.000000000000
2024-10-31,n8,N8 Consensus Rotation Tilt,1.833042668482,1.833042668482,1.816193675024,1.009277090703,0.000000000000
2024-11-29,n8,N8 Consensus Rotation Tilt,1.833042668482,1.833042668482,1.891423542734,0.969133896807,0.000000000000
2024-12-31,n8,N8 Consensus Rotation Tilt,1.833042668482,1.833042668482,1.835780943300,0.998508386947,0.000000000000
2025-01-31,n8,N8 Consensus Rotation Tilt,1.833042668482,1.833042668482,1.891878726316,0.968900724441,0.000000000000
2025-02-28,n8,N8 Consensus Rotation Tilt,1.833042668482,1.833042668482,1.884065540047,0.972918738504,0.000000000000
2025-03-31,n8,N8 Consensus Rotation Tilt,1.833042668482,1.833042668482,1.817806781756,1.008381466545,0.000000000000
2025-04-30,n8,N8 Consensus Rotation Tilt,1.833042668482,1.833042668482,1.827996505468,1.002760488326,0.000000000000
2025-05-30,n8,N8 Consensus Rotation Tilt,1.833042668482,1.833042668482,1.934134137012,0.947732958849,0.000000000000
2025-06-30,n8,N8 Consensus Rotation Tilt,1.833042668482,1.833042668482,2.024555956437,0.905404793903,0.000000000000
2025-07-31,n8,N8 Consensus Rotation Tilt,1.833042668482,1.833042668482,2.046768915274,0.895578711795,0.000000000000
2025-08-29,n8,N8 Consensus Rotation Tilt,1.833042668482,1.833042668482,2.107258820579,0.869870682510,0.000000000000
2025-09-30,n8,N8 Consensus Rotation Tilt,1.833042668482,1.833042668482,2.178293013651,0.841504176433,0.000000000000
2025-10-31,n8,N8 Consensus Rotation Tilt,1.833042668482,1.833042668482,2.222396309978,0.824804586046,0.000000000000
2025-11-28,n8,N8 Consensus Rotation Tilt,1.833042668482,1.833042668482,2.227138204916,0.823048459425,0.000000000000
2025-12-31,n8,N8 Consensus Rotation Tilt,1.833042668482,1.833042668482,2.247524040880,0.815583119531,0.000000000000
2026-01-30,n8,N8 Consensus Rotation Tilt,1.833042668482,1.833042668482,2.317470584759,0.790966962229,0.000000000000
2026-02-27,n8,N8 Consensus Rotation Tilt,1.833042668482,1.833042668482,2.355551083576,0.778179968697,0.000000000000
2026-03-31,n8,N8 Consensus Rotation Tilt,1.833042668482,1.833042668482,2.209157654830,0.829747331284,0.000000000000
2026-04-30,n8,N8 Consensus Rotation Tilt,1.833042668482,1.833042668482,2.414868691515,0.759065151212,0.000000000000
2026-05-28,n8,N8 Consensus Rotation Tilt,1.833042668482,1.833042668482,2.521397621227,0.726994684635,0.000000000000
